user_id,zone_id,first_name,last_name,middle_name,email,phone_number,date_of_birth,password_hash,system_role,account_status,created_at,updated_at
USR-2026-0001,,Manuel,Admin,,admin@zoneguard.demo,9170238728,1985-01-01,123admin@zoneguard,ADMIN,ACTIVE,2010-01-01 00:00:00,2026-01-01 00:00:00
USR-2026-0002,Z-3,Victorio,Director,,victorio.director@zoneguard.demo,9171187228,1967-06-15,123zone3dir@zoneguard,DIRECTOR,ACTIVE,2012-01-01 00:00:00,2026-01-01 00:00:00
USR-2026-0003,Z-3,Marilou,Collector,,marilou.collector@zoneguard.demo,9172376280,1983-08-20,123zone3col@zoneguard,COLLECTOR,ACTIVE,2016-01-01 00:00:00,2026-01-01 00:00:00
USR-2026-0004,Z-3,Thelma,Ipac,,thelma.ipac1@zoneguard.demo,9174853339,1970-11-04,$2b$12$b6B2Pp5n05J3hWirEsafVOx.4XkqbdawGd3BYYPZM0olBh04iQOX.,HOMEOWNER,ACTIVE,2018-05-01 00:00:00,2026-01-01 00:00:00
USR-2026-0005,Z-3,Manuel,Peralta,,manuel.peralta2@zoneguard.demo,9179306461,1972-11-17,$2b$12$fvx8Cx8s3ccLWVfZK7IAHeEH4vTUfkZzc9Avz9.ZnuXaykdnlCMO2,HOMEOWNER,ACTIVE,2019-12-29 00:00:00,2026-01-01 00:00:00
USR-2026-0006,Z-3,Erlinda,Antonio,,erlinda.antonio3@zoneguard.demo,9179658144,1973-08-01,$2b$12$Yu7dFHNpk5Hw9WsyS9bTcu2E1WVZ6yC9b5ojplyJdbgvYBjVBSTDq,HOMEOWNER,ACTIVE,2025-03-17 00:00:00,2026-01-01 00:00:00
USR-2026-0007,Z-3,Delia,Generalao,,delia.generalao4@zoneguard.demo,9175341747,1959-01-14,$2b$12$0E3FqW7SZ0GiwrEwGeWr9ufrqRkUUqfLofLmleK6G6hvOcv62mIam,HOMEOWNER,ACTIVE,2023-07-06 00:00:00,2026-01-01 00:00:00
USR-2026-0008,Z-3,Louie,Cruz,,louie.cruz5@zoneguard.demo,9172983509,1987-07-01,$2b$12$JwxqTi/.WJz2TTl9/kVbDuqpmnGhi0fRniEXlERNkKFl9keUiAfG.,HOMEOWNER,ACTIVE,2019-10-03 00:00:00,2026-01-01 00:00:00
USR-2026-0009,Z-3,Forfirio,Rivera,,forfirio.rivera6@zoneguard.demo,9174080761,1978-06-19,$2b$12$iBWoue/d0d2ruV0isdxmE.Sqx8JCqc/efUUhYZz3LxWwyUTgknHCW,HOMEOWNER,ACTIVE,2018-11-10 00:00:00,2026-01-01 00:00:00
USR-2026-0010,Z-3,Dalin,Trinidad,,dalin.trinidad7@zoneguard.demo,9174503157,1980-08-13,$2b$12$GDClIvXtlQo.u/TczcmybuBB1TbUyWM0mhE.5CHVlAN7qTCORxC/O,HOMEOWNER,ACTIVE,2022-07-30 00:00:00,2026-01-01 00:00:00
USR-2026-0011,Z-3,Alberto,Abadilia,,alberto.abadilia8@zoneguard.demo,9171144356,1982-04-24,$2b$12$Nlrw5q6Ng6xEDFg5I0YP2OmO5uQYyoeCUwJDywACpQjkP55EEdgVi,HOMEOWNER,ACTIVE,2018-02-20 00:00:00,2026-01-01 00:00:00
USR-2026-0012,Z-3,Nick,Allado,,nick.allado9@zoneguard.demo,9172086880,1987-08-23,$2b$12$fX0sgUvcFl20TaJgL.TPK.dTOVUE14loatHYK8db9sI9B1N5zSJdW,HOMEOWNER,ACTIVE,2019-09-27 00:00:00,2026-01-01 00:00:00
USR-2026-0013,Z-3,Mario,Hementera,,mario.hementera10@zoneguard.demo,9174264908,1972-06-07,$2b$12$zmj7yp7Xy9namIZlWv1gIOb/AoJbUKgJrTA/ARK2gKjEZz9AE31Hu,HOMEOWNER,ACTIVE,2022-10-31 00:00:00,2026-01-01 00:00:00
USR-2026-0014,Z-3,Mely,Guevarra,,mely.guevarra11@zoneguard.demo,9177243669,1987-05-16,$2b$12$tk6VSnsk3lNyvV35V9Bpi.baROn41ZjhbK0S3vBuQsHlI6/B/tc6.,HOMEOWNER,ACTIVE,2023-05-28 00:00:00,2026-01-01 00:00:00
USR-2026-0015,Z-3,Flores,Bartolome,,flores.bartolome12@zoneguard.demo,9177081950,1960-09-02,$2b$12$bEYomfJcHwlvKzHRsOAv..5y3T8vqvhQ3FHcXpmwCFbIDdofPRb1.,HOMEOWNER,ACTIVE,2025-06-08 00:00:00,2026-01-01 00:00:00
USR-2026-0016,Z-3,Jonathan,Alonzo,,jonathan.alonzo13@zoneguard.demo,9178468810,1981-10-02,$2b$12$LLett2G47vHkfHU9gL/ZPeCh40cqR2gJVtXIEwUQwDk6e5zy1bdwO,HOMEOWNER,ACTIVE,2026-05-06 00:00:00,2026-01-01 00:00:00
USR-2026-0017,Z-3,Pahati,Cusi,,pahati.cusi14@zoneguard.demo,9171481680,1957-11-11,$2b$12$D032RNURQlEXWKHTPeDbD.Ljk5DLnXh4FBRWkZAO.JvzAj/9p9ati,HOMEOWNER,ACTIVE,2022-03-29 00:00:00,2026-01-01 00:00:00
USR-2026-0018,Z-3,Marilina,Aala,,marilina.aala15@zoneguard.demo,9176106563,1990-04-15,$2b$12$/uccASvwdRmhf/xGT/p0eOpBFRp8//.FTyyWa/Z3v2zi4c2AlQ65O,HOMEOWNER,ACTIVE,2020-11-07 00:00:00,2026-01-01 00:00:00
USR-2026-0019,Z-3,Reyna,Saycon,,reyna.saycon16@zoneguard.demo,9174708654,1961-05-25,$2b$12$lVQ.n.2jQ5WbQ5a6Xn9osuC95Caot5Ool7XUZq0XepRkr9mdBFouq,HOMEOWNER,ACTIVE,2023-08-13 00:00:00,2026-01-01 00:00:00
USR-2026-0020,Z-3,Mel Rio Ann,Morales,,mel.rio ann morales17@zoneguard.demo,9177436446,1992-11-04,$2b$12$jZgO/hY3SGsXMTQqe7MPIehpwTpuG3HOu7PxFYA2BVfVLty2BfQie,HOMEOWNER,ACTIVE,2024-06-09 00:00:00,2026-01-01 00:00:00
USR-2026-0021,Z-3,David,Lay,,david.lay18@zoneguard.demo,9176500545,1959-09-13,$2b$12$R2xdW8sWcPy9OYDxCFZ2Du0a/50eVkHAxT1ozPl6N6UELLFYED1De,HOMEOWNER,ACTIVE,2024-04-11 00:00:00,2026-01-01 00:00:00
USR-2026-0022,Z-3,Marvin,Sarandi,,marvin.sarandi19@zoneguard.demo,9178490200,1991-08-20,$2b$12$TmFL7cxZpaDv6SnsHTwqnOl9tSdkLj3ufQdVk4pIN/sOKlCjaNDBC,HOMEOWNER,ACTIVE,2026-03-04 00:00:00,2026-01-01 00:00:00
USR-2026-0023,Z-3,Simplicio,Palac,,simplicio.palac20@zoneguard.demo,9176735193,1956-05-21,$2b$12$7YmbIQwmTAGwFDhcHazwxOj65LvRU7uN0.RaGoFNGgRsxYx8iXX4q,HOMEOWNER,ACTIVE,2025-12-31 00:00:00,2026-01-01 00:00:00
USR-2026-0024,Z-3,Ferdinand,Sales,,ferdinand.sales21@zoneguard.demo,9172715630,1975-06-22,$2b$12$Vh9Kzvx5ititZpA544/9Z.FPAm6rLrTBRGy5hDWYfdAdvKQy3pwjK,HOMEOWNER,ACTIVE,2018-07-31 00:00:00,2026-01-01 00:00:00
USR-2026-0025,Z-3,Malou,Mandapat,,malou.mandapat22@zoneguard.demo,9179652831,1963-06-25,$2b$12$GsXd6GrK2YmMsbZQO.G6Ue6qn.mgValkMwGn4MPWDPzwxyRCmgT8a,HOMEOWNER,ACTIVE,2022-01-15 00:00:00,2026-01-01 00:00:00
USR-2026-0026,Z-3,Winston,Sales,,winston.sales23@zoneguard.demo,9171499876,1978-01-18,$2b$12$u0b7UAxZcpFZWtQgAb9fnO3PItc1LSFIQLweULzBDC3zyq/0e6nWm,HOMEOWNER,ACTIVE,2019-07-13 00:00:00,2026-01-01 00:00:00
USR-2026-0027,Z-3,Victorio,Del Rosario,,victorio.del rosario24@zoneguard.demo,9171322918,1957-12-22,$2b$12$Tyw0ZDaxuvFZubuBzYlz8u5Vjwbijc/oLsvR8mbEJ8h9E7AvWvHZO,HOMEOWNER,ACTIVE,2023-11-27 00:00:00,2026-01-01 00:00:00
USR-2026-0028,Z-3,Josemari,Carbonell,,josemari.carbonell25@zoneguard.demo,9172270896,1989-12-19,$2b$12$fSUdyhxK/V7ckvBFI69l2eD3ugsS2ye8sKCMz2nRkqcx5a0OFHpmy,HOMEOWNER,ACTIVE,2025-07-06 00:00:00,2026-01-01 00:00:00
USR-2026-0029,Z-3,Robert,Villa Hermosa,,robert.villa hermosa26@zoneguard.demo,9175894287,1972-08-03,$2b$12$OwBLwA4HmW5YoEfsMIR3pulJgHaUy6gRW/5lF7AISAq6XQd4jwOeC,HOMEOWNER,ACTIVE,2022-12-01 00:00:00,2026-01-01 00:00:00
USR-2026-0030,Z-3,Danno,Tabillas,,danno.tabillas27@zoneguard.demo,9172841648,1958-08-18,$2b$12$RLcZX4T4KADnL3m7iu4aGubLfgxsgUpMGY6/eVkbMfv42j7ucMEr6,HOMEOWNER,ACTIVE,2026-05-14 00:00:00,2026-01-01 00:00:00
USR-2026-0031,Z-3,Fely,Vinarao,,fely.vinarao28@zoneguard.demo,9174188729,1990-02-18,$2b$12$3qgyNRpP8917jJXWYZAFnO7.HpkHRMnVjhlYIiCXrzVRE9Ji4G2jq,HOMEOWNER,ACTIVE,2022-12-01 00:00:00,2026-01-01 00:00:00
USR-2026-0032,Z-3,Reynalco,Umanrap,,reynalco.umanrap29@zoneguard.demo,9172675843,1989-08-27,$2b$12$Ktj7/NGdBoeO.847KtB/mexRp9RBImR8xLRUfusIwE/qpuj0Wht0a,HOMEOWNER,ACTIVE,2020-04-13 00:00:00,2026-01-01 00:00:00
USR-2026-0033,Z-3,Virgilio,Cruz,,virgilio.cruz30@zoneguard.demo,9175684346,1990-06-19,$2b$12$PQgyyrms7DNYNdNLQBMBceDMXIfcMqyJ2nWkiSwbPInB0i110QXUK,HOMEOWNER,ACTIVE,2019-04-27 00:00:00,2026-01-01 00:00:00
USR-2026-0034,Z-3,Karen,Vidar,,karen.vidar31@zoneguard.demo,9179067987,1970-07-11,$2b$12$mWbwtcMwdb4thHXepMNGPuRw.pHXxprICoak9awB3qvS2zNOUQUxe,HOMEOWNER,ACTIVE,2022-11-08 00:00:00,2026-01-01 00:00:00
USR-2026-0035,Z-3,Clyde,Resident,,clyde.resident32@zoneguard.demo,9174441628,1975-09-14,$2b$12$/iYR68umTHXMIFKWi5p2KeolXEdbnpsrSi3kjpSfCWLIPK0kjge5W,HOMEOWNER,ACTIVE,2024-11-18 00:00:00,2026-01-01 00:00:00
USR-2026-0036,Z-3,Roberto,Cruz,,unknown.(delinquent)33@zoneguard.demo,9172804673,1985-01-13,$2b$12$MLoLZDvHl6n3zMriArSsyuzu9EINTKQ7WxmQnnYUPeYMS/OkUSHl6,HOMEOWNER,ACTIVE,2022-06-14 00:00:00,2026-01-01 00:00:00
USR-2026-0037,Z-3,Susan,Doroteo,,susan.doroteo34@zoneguard.demo,9178258746,1984-07-21,$2b$12$lDjxgb4Drqb7PWeQHVI22u4y/rdxL5j5i5FnQk5tgnP1XkJab3sxq,HOMEOWNER,ACTIVE,2025-09-09 00:00:00,2026-01-01 00:00:00
USR-2026-0038,Z-3,Victora,Pornillos,,victora.pornillos35@zoneguard.demo,9178778748,1988-03-26,$2b$12$8DeyR9Hur2vss.dCY5u3pezGL7ArluRa6NZgHX1gj4dOorUdQmyBG,HOMEOWNER,ACTIVE,2023-10-07 00:00:00,2026-01-01 00:00:00
USR-2026-0039,Z-3,Emelita,Guerilla,,emelita.guerilla36@zoneguard.demo,9175884797,1975-12-25,$2b$12$vt9UjC0K.DOe3OCGWs71wehC183dthjQpvRRoQQ3nb/ybQO4Sd6G2,HOMEOWNER,ACTIVE,2025-06-27 00:00:00,2026-01-01 00:00:00
USR-2026-0040,Z-3,Nanet,Delos Reyes,,nanet.delos reyes37@zoneguard.demo,9174622138,1963-02-21,$2b$12$tW26DzhhdaUH9HDvQrfSVe5FoCM0JBZdnVmjt9TYKUE5r0xF0YGrC,HOMEOWNER,ACTIVE,2023-12-17 00:00:00,2026-01-01 00:00:00
USR-2026-0041,Z-3,Cesar,Valenzuela,,cesar.valenzuela38@zoneguard.demo,9177014126,1989-06-14,$2b$12$XSC8etqqIKwhHEzStGIxrexRA2wWGV7adIIVPvFywJbt2EtT0EC1u,HOMEOWNER,ACTIVE,2018-03-15 00:00:00,2026-01-01 00:00:00
USR-2026-0042,Z-3,Cecilia,Ramirez,,cecilia.ramirez39@zoneguard.demo,9177529845,1978-06-14,$2b$12$ahc2ul12hZDYjH1hpM3G..0sIvo.BJC18.zDfoqTDhQGVjgQjaBWO,HOMEOWNER,ACTIVE,2020-06-13 00:00:00,2026-01-01 00:00:00
USR-2026-0043,Z-3,Adelaida,Francisco,,adelaida.francisco40@zoneguard.demo,9176044842,1991-04-04,$2b$12$JXa7MO2tHzVVBDz4KG4ypOY.1BSzTACYXcS2C4mR73ufddUdC9mIa,HOMEOWNER,ACTIVE,2026-04-02 00:00:00,2026-01-01 00:00:00
USR-2026-0044,Z-3,Honofre,Dorego,,honofre.dorego41@zoneguard.demo,9176987029,1965-09-14,$2b$12$9FBsdLsmr80.V6QjJC91i.z7zb0koyd/MDww1v/XzGnH5MFYgDORK,HOMEOWNER,ACTIVE,2020-09-27 00:00:00,2026-01-01 00:00:00
USR-2026-0045,Z-3,Efipanio,Gacusan,,efipanio.gacusan42@zoneguard.demo,9176352727,1990-02-23,$2b$12$JKwn6ob.h3FFrhkfsI.Y3Ouy2qrbgk01RY8D2i/dEcyqMrOSFQJNO,HOMEOWNER,ACTIVE,2021-09-21 00:00:00,2026-01-01 00:00:00
USR-2026-0046,Z-3,Violeta,Mariano,,violeta.mariano43@zoneguard.demo,9174496605,1964-01-11,$2b$12$4kOZG9lklXtcDgoihBHe/.rqNBEwRJmYMWUVwtdW5SYKV5mBTeS3G,HOMEOWNER,ACTIVE,2026-05-12 00:00:00,2026-01-01 00:00:00
USR-2026-0047,Z-3,Editha,Sarmiento,,editha.sarmiento44@zoneguard.demo,9171233782,1971-06-14,$2b$12$fOE8x9ZcfdGkCULOrucy/.lcLOYsZGXLum3JuFxbux.sBZxkg5sei,HOMEOWNER,ACTIVE,2025-07-02 00:00:00,2026-01-01 00:00:00
USR-2026-0048,Z-3,Ben,Arce,,ben.arce45@zoneguard.demo,9179944718,1971-12-01,$2b$12$UR/mwwBx5ejkRoTcogejWeNY3JaIW0jDzpEHlB6fBT4MqIP0Eqf72,HOMEOWNER,ACTIVE,2024-10-30 00:00:00,2026-01-01 00:00:00
USR-2026-0049,Z-3,Jackie,Marco,,jackie.marco46@zoneguard.demo,9173430525,1981-04-02,$2b$12$VSa/48HJPatyOoF9Grd9je8pBZNb0qvzIdiMa22BUIAM9YH6c334e,HOMEOWNER,ACTIVE,2022-10-04 00:00:00,2026-01-01 00:00:00
USR-2026-0050,Z-3,Pedro,Naguit,,pedro.naguit47@zoneguard.demo,9173521279,1975-05-08,$2b$12$HFC0rBhpRe8/khbPo5xVNO1.Yx4XYDMlRqzUn0R5W/ZiGp0gDgzUe,HOMEOWNER,ACTIVE,2020-12-19 00:00:00,2026-01-01 00:00:00
USR-2026-0051,Z-3,Maria,Garcia,,ms.garcia (surname)48@zoneguard.demo,9171629085,1970-01-08,$2b$12$K844Y0h39jTAIIGyMIZcEOsAE8GJZOT70EngQzS.zZnUSCKrQfbwW,HOMEOWNER,ACTIVE,2021-06-09 00:00:00,2026-01-01 00:00:00
USR-2026-0052,Z-3,Pepe,Avinio,,pepe.avinio49@zoneguard.demo,9179181883,1970-04-27,$2b$12$tlVsyM9myb93Q3n2wWJ4ZOtVXNsZY5Sv.ZWV9SePflCCFyEiz3Gny,HOMEOWNER,ACTIVE,2022-12-16 00:00:00,2026-01-01 00:00:00
USR-2026-0053,Z-3,Beth,Alcantara,,beth.alcantara50@zoneguard.demo,9172599908,1967-01-14,$2b$12$rO59m7N.CtA1Fy5U0WA.xea1rfDW77aoUyhRrsUkh.C1rcatAlyrW,HOMEOWNER,ACTIVE,2021-04-11 00:00:00,2026-01-01 00:00:00
USR-2026-0054,Z-3,Rolando,Maloles,,rolando.maloles51@zoneguard.demo,9175819075,1977-08-13,$2b$12$4h0lSWQok/2QHBrWDsIJceELTn45znbk.bMr0iBjyR2IRcyJYpG3W,HOMEOWNER,ACTIVE,2022-12-12 00:00:00,2026-01-01 00:00:00
USR-2026-0055,Z-3,Leonito,Quirona,,leonito.quirona52@zoneguard.demo,9177367712,1990-10-19,$2b$12$A3lc9MHDu5pdCHNj2M3/H..ZrTmogASjuV7QJMHWDQq9eBJiiVFzm,HOMEOWNER,ACTIVE,2026-09-27 00:00:00,2026-01-01 00:00:00
USR-2026-0056,Z-3,Lilibeth,Contreras,,lilibeth.contreras53@zoneguard.demo,9172577969,1959-02-01,$2b$12$gJzEelzhy6mxeQRVQHt.EumBjQ3A.6ib9tbHuJRe13KC3lSsw8T9O,HOMEOWNER,ACTIVE,2025-05-29 00:00:00,2026-01-01 00:00:00
USR-2026-0057,Z-3,Marny,Leobrera,,marny.leobrera54@zoneguard.demo,9174541483,1956-10-21,$2b$12$OQ2Y1RbFBGHEHTNOiYuP2OLz4C0sH/ip0QOp/5SYqVJrqi9WIPfsy,HOMEOWNER,ACTIVE,2022-05-06 00:00:00,2026-01-01 00:00:00
USR-2026-0058,Z-3,Atty,Steven Arsenio,,atty.steven arsenio55@zoneguard.demo,9174366823,1980-11-18,$2b$12$Je9.LQ.M69TdMaq9ClsPTOfW0bn7ov50YWLx6/10kGhlz46E8MEm6,HOMEOWNER,ACTIVE,2023-09-14 00:00:00,2026-01-01 00:00:00
USR-2026-0059,Z-3,Nieva,Cruz,,nieva.cruz56@zoneguard.demo,9178601748,1976-02-04,$2b$12$kIh4uXSGsvhfRMAleCDgD.qg0IWxZmpSytvOCI5xxt.yqz4guwvWC,HOMEOWNER,ACTIVE,2024-12-19 00:00:00,2026-01-01 00:00:00
USR-2026-0060,Z-3,Felimon,Barbasa,,felimon.barbasa57@zoneguard.demo,9176504381,1960-12-11,$2b$12$Id8VuvLoJgy65YX0zgX72e0J6GFTp.nsDO0mDsEW352rb2lFxrQSu,HOMEOWNER,ACTIVE,2024-12-25 00:00:00,2026-01-01 00:00:00
USR-2026-0061,Z-3,Laureano,Suan,,laureano.suan58@zoneguard.demo,9172153224,1985-11-20,$2b$12$ERWoKhWN/7fSvLs2eNgsxOUprB4zMju2plkMZIl2WlwNEWSVZV68m,HOMEOWNER,ACTIVE,2021-07-25 00:00:00,2026-01-01 00:00:00
USR-2026-0062,Z-3,Rene,Lucas,,rene.lucas59@zoneguard.demo,9173822136,1977-09-24,$2b$12$XWYSGlkgHdsjY79RayeSietxnuk5XOl4QW7JQnUX.zrwG5JntmzSO,HOMEOWNER,ACTIVE,2025-03-05 00:00:00,2026-01-01 00:00:00
USR-2026-0063,Z-3,Florentino,David,,florentino.david60@zoneguard.demo,9175900164,1977-12-02,$2b$12$.nRekLjxBJ2AhNGOmDuQLeA5.alrZP7A/nZ/ARHsjCFosyXtbdp.6,HOMEOWNER,ACTIVE,2018-02-12 00:00:00,2026-01-01 00:00:00
USR-2026-0064,Z-3,Ellen,Gabrielles,,ellen.gabrielles61@zoneguard.demo,9175854042,1968-11-14,$2b$12$RYp62DHuzvNlr8.JWXQwcOWFv9ZEoubPyA.mc.BFCAenKaS2u.Uy2,HOMEOWNER,ACTIVE,2025-06-14 00:00:00,2026-01-01 00:00:00
USR-2026-0065,Z-3,Ian,Bantillo,,ian.bantillo62@zoneguard.demo,9174714379,1965-02-19,$2b$12$RtluMQcp6ttW9GG0HPmkaOBmPE2qNrhbUUiaQ6gbPsknQg4njCWN2,HOMEOWNER,ACTIVE,2025-07-09 00:00:00,2026-01-01 00:00:00
USR-2026-0066,Z-3,Frecina,Abalos,,frecina.abalos63@zoneguard.demo,9171470529,1978-08-11,$2b$12$3jj0n..cFI67rzKM3wT.o.0RxU8HO15kuctqyqQTuIxZ3VLMqsppm,HOMEOWNER,ACTIVE,2025-07-31 00:00:00,2026-01-01 00:00:00
USR-2026-0067,Z-3,Elvira,Lorenzo,,elvira.lorenzo64@zoneguard.demo,9176193734,1982-10-19,$2b$12$Ta9TZ0uUGGcjd.1WkuxyGeWykWG8WPkOB2rLKFk89oh3S7BMxra5W,HOMEOWNER,ACTIVE,2022-12-19 00:00:00,2026-01-01 00:00:00
USR-2026-0068,Z-3,Sulpicio,Rupena,,sulpicio.rupena65@zoneguard.demo,9178068132,1959-03-01,$2b$12$A/75R4M4RM1ia5XmwCUBxOALtJGTLDjV9UEdDTybMwh3xnXc5ljpe,HOMEOWNER,ACTIVE,2021-06-05 00:00:00,2026-01-01 00:00:00
USR-2026-0069,Z-3,Fortunato,Yepes,,fortunato.yepes66@zoneguard.demo,9177890709,1991-06-11,$2b$12$l0UsmiD3XQNllrjOxWVxmuXTWo8pRvk9vqXXKuqiwE6Icox.oy35i,HOMEOWNER,ACTIVE,2024-04-27 00:00:00,2026-01-01 00:00:00
USR-2026-0070,Z-3,Percival,Tiongson,,percival.tiongson67@zoneguard.demo,9172162189,1979-03-24,$2b$12$UoaHPpW6W6L0dkhMv2TFq.c5tq85fIreb0Dmig5YiAgS41xxr3YX.,HOMEOWNER,ACTIVE,2026-03-20 00:00:00,2026-01-01 00:00:00
USR-2026-0071,Z-3,Joseph,Tiangco,,joseph.tiangco68@zoneguard.demo,9171402980,1957-02-26,$2b$12$cnkQXWbw59z9p2/XFcNGAebzGJRxzPtc5Ka8TXF7FkPMBKT2cG90C,HOMEOWNER,ACTIVE,2024-04-03 00:00:00,2026-01-01 00:00:00
USR-2026-0072,Z-3,Juvy,Ramos,,juvy.ramos69@zoneguard.demo,9176081820,1973-08-02,$2b$12$O4QNlyD3ayOtEdP7k2RsGe0k23ZFwmGl2do8u8FNgUE0c3nEJioSi,HOMEOWNER,ACTIVE,2021-04-30 00:00:00,2026-01-01 00:00:00
USR-2026-0073,Z-3,Justine,Espino,,justine.espino70@zoneguard.demo,9176134544,1992-01-24,$2b$12$nlRuqx9fNrW12sirQ6g.UehruVfuIOrKJkh3f0/gEdN.LelNmaXH2,HOMEOWNER,ACTIVE,2024-12-08 00:00:00,2026-01-01 00:00:00
USR-2026-0074,Z-3,Noah,Tamayo,,noah.tamayo71@zoneguard.demo,9173901092,1956-04-21,$2b$12$lYwL0nvhWWg83Irha5a.zuCiFqoAdkgzqNouUTT3hJ6C0Zc0KCb8.,HOMEOWNER,ACTIVE,2022-07-28 00:00:00,2026-01-01 00:00:00
USR-2026-0075,Z-3,Ramon,Gatpandan,,ramon.gatpandan72@zoneguard.demo,9173338377,1987-05-25,$2b$12$FcPM/p3eErZxOxc6XVHYaOlLM4i8ddC05dJdJXhzwrmgE1eF3ZVMS,HOMEOWNER,ACTIVE,2023-09-06 00:00:00,2026-01-01 00:00:00
USR-2026-0076,Z-3,Florencia,Saplan,,florencia.saplan73@zoneguard.demo,9176813775,1981-12-07,$2b$12$tS6t6xaq0BBwVz1C6r9DUuKUkkX326dBCUU0ukAjo6AnkhVlr6.gG,HOMEOWNER,ACTIVE,2024-07-30 00:00:00,2026-01-01 00:00:00
USR-2026-0077,Z-3,Paolo,Paje,,paolo.paje74@zoneguard.demo,9177214638,1985-06-08,$2b$12$WYO.QUd4jj3aN1mz6ujLtOPjeehIsu6T6yTlXzKsoLVtu7U15AC.O,HOMEOWNER,ACTIVE,2020-09-16 00:00:00,2026-01-01 00:00:00
USR-2026-0078,Z-3,Loreto,Domingo,,loreto.domingo75@zoneguard.demo,9172821367,1964-05-10,$2b$12$19g9CMj.Bk6ZtC9wUQkI8u29No3HZba8Q0zkGo1h0.98MACglxn1a,HOMEOWNER,ACTIVE,2021-09-07 00:00:00,2026-01-01 00:00:00
USR-2026-0079,Z-3,Alexander,Sayno,,alexander.sayno76@zoneguard.demo,9178083610,1978-10-27,$2b$12$9NdLQDah7K04zoRkIIoH7.YjioRV6D/89FVQ/.jKttpR4mLvpzkhi,HOMEOWNER,ACTIVE,2023-10-25 00:00:00,2026-01-01 00:00:00
USR-2026-0080,Z-3,Eduardo,Versoza,,eduardo.versoza77@zoneguard.demo,9172760511,1991-02-24,$2b$12$xD5UhVq2gMw5s08pI39WzexVEJyxWcDYq5Zmp9UDMlyVaDtTvLIiC,HOMEOWNER,ACTIVE,2019-05-11 00:00:00,2026-01-01 00:00:00
USR-2026-0081,Z-3,Vic,Costes,,vic.costes78@zoneguard.demo,9176149534,1991-07-16,$2b$12$ZSbEBZ9YBGwUt2yVNFbbCeU0/OwHOoytdsBzdKajWbUKbyLZIfi7i,HOMEOWNER,ACTIVE,2022-03-25 00:00:00,2026-01-01 00:00:00
USR-2026-0082,Z-3,Trinidad,Cutaran,,trinidad.cutaran79@zoneguard.demo,9175896799,1961-06-20,$2b$12$V7EAqlzmAdy8Oz2inA78qe27UkjxYPzexStTXAzKDgq0EI4rJ9X3u,HOMEOWNER,ACTIVE,2022-03-17 00:00:00,2026-01-01 00:00:00
USR-2026-0083,Z-3,Rodrigo,Santos,,rodrigo.santos80@zoneguard.demo,9179725977,1978-02-24,$2b$12$FYi.cwxpsI/OwEHDwY4WLOCKHvNEn8KpdCYagRk0fc3yB1jJU.GXa,HOMEOWNER,ACTIVE,2021-07-06 00:00:00,2026-01-01 00:00:00
USR-2026-0084,Z-3,Normita,Abundo,,normita.abundo81@zoneguard.demo,9176995802,1972-02-06,$2b$12$.hrT6TLLkVfF.F6mORgbXeeuuoGjmk8Zr0FqNEIshbqXb2p1qJut.,HOMEOWNER,ACTIVE,2024-07-11 00:00:00,2026-01-01 00:00:00
USR-2026-0085,Z-3,Andrew,Caday,,andrew.caday82@zoneguard.demo,9171059778,1974-10-25,$2b$12$IY3/ZKdXRbbR3jy6lgZLfenn8nza9OEcE56Q2Td/6qGm1zEwcpClW,HOMEOWNER,ACTIVE,2026-04-09 00:00:00,2026-01-01 00:00:00
USR-2026-0086,Z-3,Renato,Torralba,,renato.torralba83@zoneguard.demo,9179167707,1978-04-15,$2b$12$NbZyzx5a8bN4KcbfPlBRMOsxzBRxzNNHeIF6qvXxj1yf/u6RbWk.y,HOMEOWNER,ACTIVE,2021-12-17 00:00:00,2026-01-01 00:00:00
USR-2026-0087,Z-3,Gloria,Leobrera,,gloria.leobrera84@zoneguard.demo,9179200252,1991-02-11,$2b$12$XB8cI07yae0C/k8WtMHIQuBy.SQ3K7uelPpf7F4NC8Sr36KhoXRDS,HOMEOWNER,ACTIVE,2026-11-22 00:00:00,2026-01-01 00:00:00
USR-2026-0088,Z-3,Azuzena,Magpantay,,azuzena.magpantay85@zoneguard.demo,9172670357,1987-07-05,$2b$12$9DVPfznK4yBnzVtcoUklt.fT.BoenzqmJ.YSc/Eket5zhOVMsS9HC,HOMEOWNER,ACTIVE,2026-01-16 00:00:00,2026-01-01 00:00:00
USR-2026-0089,Z-3,Menchi,Into,,menchi.into86@zoneguard.demo,9174205228,1991-02-09,$2b$12$dsHJhLcp0uLsSYXbcjfJ8Oppq8I1iJGthZ3BjWqtXDaG6toST293q,HOMEOWNER,ACTIVE,2026-05-07 00:00:00,2026-01-01 00:00:00
USR-2026-0090,Z-3,Eduardo,Dela Cruz,,eduardo.delacruz87@zoneguard.demo,9172609184,1987-10-16,$2b$12$9Lywg07sm2nRuf469Qkrt.LYRQMBbumPIz6vL1eJQYEOUpkein8m2,HOMEOWNER,ACTIVE,2022-02-01 00:00:00,2026-01-01 00:00:00
USR-2026-0091,Z-3,Erlinda,Barrus,,erlinda.barrus88@zoneguard.demo,9172406150,1959-11-20,$2b$12$jDIdjcgWN6kRypKFcJfo/eKkIY0VgzoD8I8esFTD9kzyzDZiOmzbu,HOMEOWNER,ACTIVE,2018-08-24 00:00:00,2026-01-01 00:00:00
USR-2026-0092,Z-3,Honoramilla,Visaya,,honoramilla.visaya89@zoneguard.demo,9177964705,1966-06-16,$2b$12$f959BCspDJTnVf3AN1mB.u9uu4s8igywPGQwRVY.tqJUqQfuqshua,HOMEOWNER,ACTIVE,2021-11-26 00:00:00,2026-01-01 00:00:00
USR-2026-0093,Z-3,Precila,Sena,,precila.sena90@zoneguard.demo,9174623425,1977-06-21,$2b$12$t2yvjuJg5cGZ7FtRuUta0e5HgDi29GSUVmCDpxwqszKJo8sbkdWaK,HOMEOWNER,ACTIVE,2025-11-16 00:00:00,2026-01-01 00:00:00
USR-2026-0094,Z-3,Xandra,Ochoa,,xandra.ochoa91@zoneguard.demo,9178930221,1977-06-14,$2b$12$PmuBKbWsnT2wpC8Zr5.08O4KAW5b9cwh6dUqanDknWcvZcSdrys9a,HOMEOWNER,ACTIVE,2026-05-27 00:00:00,2026-01-01 00:00:00
USR-2026-0095,Z-3,Jerald,Manglangit,,jerald.manglangit92@zoneguard.demo,9174232452,1966-05-12,$2b$12$IybJ5hVAHEeISIzQnScU..F4lmL3ysVkG5cSYxZb7KiLF.6PuGNKu,HOMEOWNER,ACTIVE,2025-03-08 00:00:00,2026-01-01 00:00:00
USR-2026-0096,Z-3,Arnel,Cunanan,,arnel.cunanan93@zoneguard.demo,9175473447,1975-04-23,$2b$12$xuhf.wXozM2WLnnU72788OYQyLLCuho/yiIIjFcE3PVBNdAbvkGXW,HOMEOWNER,ACTIVE,2024-04-06 00:00:00,2026-01-01 00:00:00
USR-2026-0097,Z-3,Lewylyn,Manuel,,lewylyn.manuel94@zoneguard.demo,9176941028,1978-08-11,$2b$12$8gN2bjm3OJzsXq0hYEqaXeC6aQ1BWi7gd7G/qz4FW.54v2vewICjW,HOMEOWNER,ACTIVE,2018-07-03 00:00:00,2026-01-01 00:00:00
USR-2026-0098,Z-3,Dan,Paolo Umali,,dan.paolo umali95@zoneguard.demo,9176917054,1968-01-09,$2b$12$YLUbHCnkGBysCMYQjl.xz.zwDjuMvr6mHBQ8qhWg2etukvyasgJAO,HOMEOWNER,ACTIVE,2018-04-29 00:00:00,2026-01-01 00:00:00
USR-2026-0099,Z-3,Lino,Aldavino,,lino.aldavino96@zoneguard.demo,9173382865,1961-03-10,$2b$12$lN9ugrbFhzJEJSiR/EedmezpXSU0uIE623qMNhKE1hbh31P3SUuzC,HOMEOWNER,ACTIVE,2025-11-30 00:00:00,2026-01-01 00:00:00
USR-2026-0100,Z-3,Josefina,Sumilong,,josefina.sumilong97@zoneguard.demo,9178352132,1957-06-18,$2b$12$fXc/TiJM5H8xlr7HA90Edul/DpkYou0UP246icDIjeCHzIqzxgz1m,HOMEOWNER,ACTIVE,2018-01-27 00:00:00,2026-01-01 00:00:00
USR-2026-0101,Z-3,Ray,Calusin,,ray.calusin98@zoneguard.demo,9175684013,1966-07-11,$2b$12$ZZx9JNGN75qMw6fwh6nX0ezahKZN70dYvaB5b07bDUtG8GZdskn3e,HOMEOWNER,ACTIVE,2021-09-26 00:00:00,2026-01-01 00:00:00
USR-2026-0102,Z-3,Adriano,Sebastian,,adriano.sebastian99@zoneguard.demo,9177759991,1974-10-03,$2b$12$EaGbLgGTlOCmBGk1iInkjuQy/sHK0kbyHN6xpEo0qqKBeXyXZ9sYu,HOMEOWNER,ACTIVE,2022-03-17 00:00:00,2026-01-01 00:00:00
USR-2026-0103,Z-3,Fortunato,Yepes Jr.,,fortunato.yepes jr100@zoneguard.demo,9174531674,1956-06-25,$2b$12$Wv02XT3/wkoPSCPlBsk2ge5ELyKJPAOzNTmrANwmT9T32WOmTwvu2,HOMEOWNER,ACTIVE,2023-03-07 00:00:00,2026-01-01 00:00:00
USR-2026-0104,Z-3,Gaurencio,Valenzuela,,gaurencio.valenzuela101@zoneguard.demo,9177305236,1992-08-27,$2b$12$luVr.ooBW9VkGzycQzFcpO2U1cD45Bq0UgwT6qq1qjpzJTeBZ751O,HOMEOWNER,ACTIVE,2026-03-26 00:00:00,2026-01-01 00:00:00
USR-2026-0105,Z-3,Carlos,Lintag,,carlos.lintag102@zoneguard.demo,9173786905,1972-06-17,$2b$12$lUu/mv1B.9.j/YUokdkhMu5f5n/YNVUcDXmr5CmIC4jjMY.y/5eOe,HOMEOWNER,ACTIVE,2022-12-09 00:00:00,2026-01-01 00:00:00
USR-2026-0106,Z-3,Lourdes,Edovas,,lourdes.edovas103@zoneguard.demo,9175817911,1962-11-18,$2b$12$A9T1vaJannjDUbkIH4MqtOoELPkvWir7nZlzuoRgCglwW4oAJe6h.,HOMEOWNER,ACTIVE,2026-12-07 00:00:00,2026-01-01 00:00:00
USR-2026-0107,Z-3,Adrian,Comla,,adrian.comla104@zoneguard.demo,9174127022,1960-06-24,$2b$12$JoObPanyxD.bKI2fAzgD/.AJ.auB00.vpqM0RAxElyOczinWOv5MW,HOMEOWNER,ACTIVE,2019-03-10 00:00:00,2026-01-01 00:00:00
USR-2026-0108,Z-3,Pacencia,Felipe,,pacencia.felipe105@zoneguard.demo,9172549317,1978-09-02,$2b$12$PbEb9guec55ivc1gpuZASuaQxd1TlgyKlS/Ksn0NPvxITpYZeRM3q,HOMEOWNER,ACTIVE,2025-06-03 00:00:00,2026-01-01 00:00:00
USR-2026-0109,Z-3,Agustina,Pablo,,agustina.pablo106@zoneguard.demo,9177915096,1982-11-15,$2b$12$/qVpYAYOhRfB9VZVoxZUM.scgcP8P.BOp8NxDeSHdErhzek1d/wVa,HOMEOWNER,ACTIVE,2018-04-03 00:00:00,2026-01-01 00:00:00
USR-2026-0110,Z-3,Cesar,Magbiro,,cesar.magbiro107@zoneguard.demo,9175128784,1971-02-05,$2b$12$nSpNOAieiDENVC39TgcSluzXJM38D81Luk6Mi7vdv.bQQdGKXpsmy,HOMEOWNER,ACTIVE,2018-06-15 00:00:00,2026-01-01 00:00:00
USR-2026-0111,Z-3,Sally,Palencia,,sally.palencia108@zoneguard.demo,9175976563,1965-02-02,$2b$12$F2wxOubsjOwSlift.Gse3eG.Iq/abqrIVHctDh6TjnBOFANp9CTjm,HOMEOWNER,ACTIVE,2019-05-12 00:00:00,2026-01-01 00:00:00
USR-2026-0112,Z-3,June,Estacio,,june.estacio109@zoneguard.demo,9172151882,1965-12-10,$2b$12$lEyQiq6W2lrHZ6S3TJssLenqkK4Yl88EDqlZUkaX3yvxMk5JOuArK,HOMEOWNER,ACTIVE,2021-12-08 00:00:00,2026-01-01 00:00:00
USR-2026-0113,Z-3,Renz,Marco,,renz.marco110@zoneguard.demo,9179710506,1967-06-24,$2b$12$p.wrfDSS9F9mIBYMhdwdkO4tIWeGxMoOTAL89mvl/uMaSwSTQi1OG,HOMEOWNER,ACTIVE,2018-06-23 00:00:00,2026-01-01 00:00:00
USR-2026-0114,Z-3,Rebecca,Malazarte,,rebecca.malazarte111@zoneguard.demo,9173629137,1974-06-23,$2b$12$.xccCjb8yCag2b7GPM3u/egwclG/ImJrRqiSJyM5LMixwvmnP65fS,HOMEOWNER,ACTIVE,2021-05-23 00:00:00,2026-01-01 00:00:00
USR-2026-0115,Z-3,Naomi,Ramirez,,naomi.ramirez112@zoneguard.demo,9178157676,1959-03-22,$2b$12$H8LBc94KXQ3UkOikrVn6Q.qmjmBMVlePh6pz8t61aqpnQKouXoTJG,HOMEOWNER,ACTIVE,2019-04-08 00:00:00,2026-01-01 00:00:00
USR-2026-0116,Z-3,Norman,Campos,,norman.campos113@zoneguard.demo,9179048056,1963-11-20,$2b$12$0aNc5IyoOAKen5DuXN84ieTAOvv7r41.s9JEzC3DEg8ZePWAeNT6m,HOMEOWNER,ACTIVE,2023-01-11 00:00:00,2026-01-01 00:00:00
USR-2026-0117,Z-3,Christopher,Ramirez,,christopher.ramirez114@zoneguard.demo,9171732722,1970-08-25,$2b$12$aBetRAWpMcJC1mFGw1RxW.pBG7RXqDdxH0KDWwrO2AIF5VNYD7rM2,HOMEOWNER,ACTIVE,2021-07-02 00:00:00,2026-01-01 00:00:00
USR-2026-0118,Z-3,Rolly,Barretto,,rolly.barretto115@zoneguard.demo,9172768693,1987-09-18,$2b$12$v3g04vkZ4DZ.9N6zUvmmf.tBQNbPExIRIrfPrOLm.pxr/AHA0JxnK,HOMEOWNER,ACTIVE,2018-02-03 00:00:00,2026-01-01 00:00:00
USR-2026-0119,Z-3,Rodolfo,Cruz,,rodolfo.cruz116@zoneguard.demo,9179884527,1976-12-23,$2b$12$mcSb/Hqnui1wNy7ny3u2OeLbSCGFTAqkGGqBBZLvH/7EUY2C0oOPy,HOMEOWNER,ACTIVE,2021-02-01 00:00:00,2026-01-01 00:00:00
USR-2026-0120,Z-3,Henry,Saarenas,,henry.saarenas117@zoneguard.demo,9173889190,1960-07-05,$2b$12$H3l4Iif0i4rWL0qhmAIGPe5KvHB2/gjhtCPomO/LK3bKl0nOwMF5C,HOMEOWNER,ACTIVE,2020-12-28 00:00:00,2026-01-01 00:00:00
USR-2026-0121,Z-3,Roman,Bernal,,roman.bernal118@zoneguard.demo,9174716434,1980-02-12,$2b$12$iMskj8GssdLfnzwGxBV83.Mjtwmh8wUPUST/P1IIp81fIhC0mM.NK,HOMEOWNER,ACTIVE,2025-04-07 00:00:00,2026-01-01 00:00:00
USR-2026-0122,Z-3,Jhun,Tibayan,,jhun.tibayan119@zoneguard.demo,9171420888,1967-02-15,$2b$12$a3ljivXMH1ZStLiRKM/xkuhgIpAZJrPmGaGWUCe71PUmFEASmjBti,TENANT,ACTIVE,2025-09-12 00:00:00,2026-01-01 00:00:00
USR-2026-0123,Z-3,Hector,Rivera ,,hector.rivera120@zoneguard.demo,9177730419,1976-09-07,$2b$12$/aKTt3MUhDQmpNxX8jSP9Oa5gvmPa0A0DddXLq8sPGi1bJFnJrjxu,HOMEOWNER,ACTIVE,2021-05-21 00:00:00,2026-01-01 00:00:00
USR-2026-0124,Z-3,Cora,Pardo,,cora.pardo121@zoneguard.demo,9175229228,1989-09-16,$2b$12$os1KDE4hzGUZbB/r1aggNOdubXORvI9OJIy9zJAEiUTLYTxNcNwmW,HOMEOWNER,ACTIVE,2024-01-11 00:00:00,2026-01-01 00:00:00
USR-2026-0125,Z-3,Milagros,Nopre,,milagros.nopre122@zoneguard.demo,9178891784,1960-04-15,$2b$12$/9Aky3Y9DC4vVPApyznzpOVYfwKSZI359JHJwF6.pE5y3fP/SP8GO,HOMEOWNER,ACTIVE,2025-01-17 00:00:00,2026-01-01 00:00:00
USR-2026-0126,Z-3,Efren,Rabara,,efren.rabara123@zoneguard.demo,9179868958,1957-09-13,$2b$12$kV5/jhQ/OotIbmfzSmZu0.DAlvqq7mah.0U2iu5uMKsADZKymiURS,HOMEOWNER,ACTIVE,2025-11-02 00:00:00,2026-01-01 00:00:00
USR-2026-0127,Z-3,Isabelita,Mateo,,isabelita.mateo124@zoneguard.demo,9178541714,1978-06-25,$2b$12$jkowsIrH7bxvyc.H2dSZwegS/HWV/mIq4LBQIeYuo3JEe3GJ4s52e,HOMEOWNER,ACTIVE,2024-02-18 00:00:00,2026-01-01 00:00:00
USR-2026-0128,Z-3,Igmidio,Palomares,,igmidio.palomares125@zoneguard.demo,9173496589,1972-03-16,$2b$12$KEGT6JpcZk.Osw5ayuuIxuUO0X/554CsAhkduw6jrX4KneNvCfI/e,HOMEOWNER,ACTIVE,2023-08-05 00:00:00,2026-01-01 00:00:00
USR-2026-0129,Z-3,Norma,De Ora,,norma.de ora126@zoneguard.demo,9176880926,1980-06-14,$2b$12$v0sfbdaPwp0wKnSYY7rqr.0rzFfOiUwp76kfVudrVDPwkYA.0YFcW,HOMEOWNER,ACTIVE,2021-12-18 00:00:00,2026-01-01 00:00:00
USR-2026-0130,Z-3,Mauricio,Garcia,,mauricio.garcia127@zoneguard.demo,9172718562,1988-01-24,$2b$12$BY8tb1ORvPSLdtNy9TyYYeFvMv4CftrSZ.GUiRORy2oa5h9j3StuG,HOMEOWNER,ACTIVE,2025-03-29 00:00:00,2026-01-01 00:00:00
USR-2026-0131,Z-3,Jessie,Ancheta,,jessie.ancheta128@zoneguard.demo,9175592087,1961-04-24,$2b$12$vfnih.sedEJN3rpaWRz0/Ov5gGo/6Q6k0KYg4aSQRZv5fLpUPlhGq,HOMEOWNER,ACTIVE,2022-10-30 00:00:00,2026-01-01 00:00:00
USR-2026-0132,Z-3,Mara,Respicio,,mara.respicio129@zoneguard.demo,9176447483,1981-12-01,$2b$12$ePEITXhSVm.lTgWylRc92.HcjYmxpwcstKWgSuFmHRgmPhn6e4s8u,HOMEOWNER,ACTIVE,2020-07-29 00:00:00,2026-01-01 00:00:00
USR-2026-0133,Z-3,Cecilia,Layug,,cecilia.layug130@zoneguard.demo,9179821549,1988-07-06,$2b$12$V2V.11QHNqf.YOVXvzPUiueSOX2fpfttbSAKRpx2DszRayMe3FuHi,HOMEOWNER,ACTIVE,2025-07-29 00:00:00,2026-01-01 00:00:00
USR-2026-0134,Z-3,Teoderico,Pangilinan,,teoderico.pangilinan131@zoneguard.demo,9174222018,1970-09-23,$2b$12$RcyPvduRANKD/ApRGqmxZeK7vpVnZSpRSz5WlLQQxgjneWqJNa8nO,HOMEOWNER,ACTIVE,2026-07-25 00:00:00,2026-01-01 00:00:00
USR-2026-0135,Z-3,Nena,Buentipo,,nena.buentipo132@zoneguard.demo,9171110957,1964-11-15,$2b$12$/yIbHlf91ET0oZNh3b8OgeRpOfDEyhxtKefTtKlBwNYuGzpfpR4yy,HOMEOWNER,ACTIVE,2023-02-22 00:00:00,2026-01-01 00:00:00
USR-2026-0136,Z-3,Aurora,Veloria,,aurora.veloria133@zoneguard.demo,9174502646,1969-12-17,$2b$12$N8Ozy6joBBGZZFViET/Pa.AGVcX1MkA.bx7EMUnQm1vZ95eY/GUla,HOMEOWNER,ACTIVE,2019-03-12 00:00:00,2026-01-01 00:00:00
USR-2026-0137,Z-3,Barbie,Imperial,,barbie.imperial134@zoneguard.demo,9175051939,1992-07-27,$2b$12$yzBRGJSgVa05uKH896CPDur73JN78jJyMn6wWoUmapTjcUAmpG5km,HOMEOWNER,ACTIVE,2021-10-15 00:00:00,2026-01-01 00:00:00
USR-2026-0138,Z-3,Marie,Salvo,,marie.salvo135@zoneguard.demo,9176658565,1961-08-19,$2b$12$yUj05OhRZY0jFQB.bxS/l.mTVNsAfdf0WSccS4ksQ0UJRxdYKk7ci,HOMEOWNER,ACTIVE,2020-07-20 00:00:00,2026-01-01 00:00:00
USR-2026-0139,Z-3,Rene,Joaqiun,,rene.joaqiun136@zoneguard.demo,9175217635,1973-08-25,$2b$12$sy7KCxoc6iZZUWLfIHu0Ie1URYEFc2SQf1lkzN.50dyPn1XwvLuoi,HOMEOWNER,ACTIVE,2024-07-05 00:00:00,2026-01-01 00:00:00
USR-2026-0140,Z-3,Willy,Erese,,willy.erese137@zoneguard.demo,9176604065,1974-10-23,$2b$12$B54TWGmLxY9jw1rTkbcLTOyzHDdtE9g4L/TOvOuutWT/0Gpgiklzm,HOMEOWNER,ACTIVE,2021-02-20 00:00:00,2026-01-01 00:00:00
USR-2026-0141,Z-3,Spike,Peralta,,spike.peralta138@zoneguard.demo,9173305433,1962-08-03,$2b$12$avdgLFfvljGkI0dfhO6sOuAjfaLiYl9rUh0EOZy020p4PTvxqY0Gu,HOMEOWNER,ACTIVE,2024-09-05 00:00:00,2026-01-01 00:00:00
USR-2026-0142,Z-3,Warren,Yunson,,warren.yunson139@zoneguard.demo,9172200346,1963-05-19,$2b$12$.TE0QxXpCuhHvv4Xgi31E.w2JjIunZCcsEO3UfSLOVCP/xMA9y3sC,HOMEOWNER,ACTIVE,2024-04-12 00:00:00,2026-01-01 00:00:00
USR-2026-0143,Z-3,Grace,Garcia,,grace.garcia140@zoneguard.demo,9171504655,1978-06-04,$2b$12$b4DqAsYnfPadgnLVOuoNGeUoTSAyajv8rJeyZoVLxKsG48WQ7Acc2,HOMEOWNER,ACTIVE,2020-01-06 00:00:00,2026-01-01 00:00:00
USR-2026-0144,Z-3,Venus,Gatan,,venus.gatan141@zoneguard.demo,9172650224,1975-07-16,$2b$12$wmIJQ2tx8y7TQ63wz/YY8OxzVSVYXS.XzY8XRDUkSEK6JE5hr67jW,HOMEOWNER,ACTIVE,2021-11-16 00:00:00,2026-01-01 00:00:00
USR-2026-0145,Z-3,Alpha,Abu,,alpha.abu142@zoneguard.demo,9175227939,1974-04-18,$2b$12$MjVKOaSoaAtGQ/TvhaFJ9.4y2fipLcw46zpe9Z0l20eYcbLAaKhii,HOMEOWNER,ACTIVE,2024-04-25 00:00:00,2026-01-01 00:00:00
USR-2026-0146,Z-3,Apple,Esteban,,apple.esteban143@zoneguard.demo,9172658800,1989-05-24,$2b$12$PqB0MiZrm02DprqEcoKBquTv6XmFPJW4KuXP4E8/b8Vn4YxrZxRfK,HOMEOWNER,ACTIVE,2019-05-08 00:00:00,2026-01-01 00:00:00
USR-2026-0147,Z-3,Evangeline,Caceres,,evangeline.caceres144@zoneguard.demo,9174113534,1990-06-27,$2b$12$N1rVIsqhqTlb4lXaB3Q7bOERkbLn6KJ44nZzjDtuNxAApKM8BPpW.,HOMEOWNER,ACTIVE,2022-04-21 00:00:00,2026-01-01 00:00:00
USR-2026-0148,Z-3,Carmelo,Cablayan,,carmelo.cablayan145@zoneguard.demo,9177964745,1957-11-14,$2b$12$XwDIFYeQiQDNMJ8BC3gD8.9hC3R4GpZcVN2aNigsGNOhPuDjJOdOi,HOMEOWNER,ACTIVE,2023-09-05 00:00:00,2026-01-01 00:00:00
USR-2026-0149,Z-3,Maurene,Palacios,,maurene.palacios146@zoneguard.demo,9172808516,1972-07-13,$2b$12$TsldEXRVh5sZkx/cQUJ7SOelFHbJlh28.rnCUYmEjqBhIJruPmtm.,HOMEOWNER,ACTIVE,2026-03-15 00:00:00,2026-01-01 00:00:00
USR-2026-0150,Z-3,Gabriel,Ortile,,gabriel.ortile147@zoneguard.demo,9172255959,1975-07-07,$2b$12$xns5m3vNvTvH.aFbWId8D.dyulVlFDM6TqAdJi0pq18eOfMfXOr0m,HOMEOWNER,ACTIVE,2018-10-14 00:00:00,2026-01-01 00:00:00
USR-2026-0151,Z-3,Jesus,Dicdiguin,,jesus.dicdiguin148@zoneguard.demo,9176275820,1984-08-05,$2b$12$zeNdAzG6bVIUu5AZsXFqgOLNH3H2aao/m6i1IjmS1ZepYMr4.GXDi,HOMEOWNER,ACTIVE,2018-06-13 00:00:00,2026-01-01 00:00:00
USR-2026-0152,Z-3,Brian,Santos,,brian.santos@gmail.com,9332181960,1985-12-09,$2b$12$TsldEXRVh5sZkx/cQUJ7SOelFHbJlh28.rnCUYmEUqBhIJruPmtm.,TENANT,ACTIVE,2018-12-03 00:00:00,2026-01-01 08:00:00
USR-2026-0153,Z-3,Paolo,Villanueva,,paolo.villanueva@gmail.com,9407816184,1996-06-20,$2b$12$.TE0QxXpCuhHvv4Xgi31E.w2JjIunXCcsEO3UfSLOVCP/xMA9y3sC,TENANT,ACTIVE,2025-08-07 00:00:00,2026-01-01 08:00:00
USR-2026-0154,Z-3,Jessa,Mendoza,,jessa.mendoza@gmail.com,9103413164,1999-04-23,$2b$12$b4DqAsYnfPadgnLVOuoNGrUoTSAyajv8rJeyZoVLxKsG48WQ7Acc2,TENANT,ACTIVE,2025-06-12 00:00:00,2026-01-01 08:00:00
USR-2026-0155,Z-3,Mark,Reyes,,mark.reyes@gmail.com,9534192832,1996-03-12,$2b$12$wmIJQ2tx8y7TQ63wz/YY8OxzVSVYXS.XzY8XRDUkSEK6JE5hr67jW,TENANT,ACTIVE,2021-05-26 00:00:00,2026-01-01 08:00:00
USR-2026-0156,Z-3,Trisha,Domingo,,trisha.domingo@gmail.com,9835030564,1997-05-21,$2b$12$MjVKOaSoaAtGQ/TvhaFJ9.4y2LipLcw46zpe9Z0l20eYcbLAaKhii,TENANT,ACTIVE,2024-01-10 00:00:00,2026-01-01 08:00:00
USR-2026-0157,Z-3,John,Castillo,,john.castillo@gmail.com,9537672423,1991-10-23,$2b$12$PqB0MiZrm02DprqEcoKBquTv6XmFPJW4KuXP4E8/b8Vn4YxrZxRfo,TENANT,ACTIVE,2026-01-17 00:00:00,2026-01-01 08:00:00
USR-2026-0158,Z-3,Angel,Torres,,angel.torres@gmail.com,9653287101,2000-07-19,$2b$12$os1KDE4hzGUZbB/r1aggNOdubXORvI9OJIy9zJAEiUTLYTxNcNwmW,TENANT,ACTIVE,2025-11-08 00:00:00,2026-01-01 08:00:00
