log_id,actor_id,action_category,target_reference,action_details,timestamp
1,USR-2026-0133,MONTHLY_ALLOCATION_LOCKED,2026-001,Monthly Allocation Locked,2026-01-01 08:37:00
2,USR-2026-0037,DIRECTOR_ASSIGNED,USR-2026-0124,Director Assigned,2026-01-01 09:14:00
3,USR-2026-0052,PROFILE_UPDATED,USR-2026-0100,Profile Updated,2026-01-01 09:51:00
4,USR-2026-0066,PAYMENT_SUBMITTED,AR-2026-0089,Payment Submitted,2026-01-01 10:28:00
5,USR-2026-0075,COMPLAINT_UPDATED,B3-0012,Complaint Updated,2026-01-01 11:05:00
6,USR-2026-0106,PAYMENT_VERIFIED,AR-2026-0175,Payment Verified,2026-01-01 11:42:00
7,USR-2026-0083,PROFILE_UPDATED,USR-2026-0083,Profile Updated,2026-01-01 12:19:00
8,USR-2026-0044,COMPLAINT_CREATED,F3-0005,Complaint Created,2026-01-01 12:56:00
9,USR-2026-0102,PAYMENT_SUBMITTED,AR-2026-0134,Payment Submitted,2026-01-01 13:33:00
10,USR-2026-0067,PASSWORD_CHANGED,USR-2026-0005,Password Changed,2026-01-01 14:10:00
11,USR-2026-0103,PROFILE_UPDATED,USR-2026-0143,Profile Updated,2026-01-01 14:47:00
12,USR-2026-0149,PAYMENT_REJECTED,AR-2026-0165,Payment Rejected,2026-01-01 15:24:00
13,USR-2026-0148,PAYMENT_VERIFIED,AR-2026-0041,Payment Verified,2026-01-01 16:01:00
14,USR-2026-0139,MONTHLY_ALLOCATION_LOCKED,2026-005,Monthly Allocation Locked,2026-01-01 16:38:00
15,USR-2026-0033,LOGIN,USR-2026-0080,Login,2026-01-01 17:15:00
16,USR-2026-0095,PAYMENT_SUBMITTED,AR-2026-0138,Payment Submitted,2026-01-01 17:52:00
17,USR-2026-0062,PAYMENT_SUBMITTED,AR-2026-0123,Payment Submitted,2026-01-01 18:29:00
18,USR-2026-0010,ACCOUNT_CREATED,USR-2026-0003,Account Created,2026-01-01 19:06:00
19,USR-2026-0105,PROFILE_UPDATED,USR-2026-0057,Profile Updated,2026-01-01 19:43:00
20,USR-2026-0117,COMPLAINT_UPDATED,P3-0039,Complaint Updated,2026-01-01 20:20:00
21,USR-2026-0117,PASSWORD_CHANGED,USR-2026-0023,Password Changed,2026-01-01 20:57:00
22,USR-2026-0002,COMPLAINT_RESOLVED,I3-0027,Complaint Resolved,2026-01-01 21:34:00
23,USR-2026-0006,PAYMENT_VERIFIED,AR-2026-0176,Payment Verified,2026-01-01 22:11:00
24,USR-2026-0014,PROFILE_UPDATED,USR-2026-0050,Profile Updated,2026-01-01 22:48:00
25,USR-2026-0068,COMPLAINT_UPDATED,P3-0008,Complaint Updated,2026-01-01 23:25:00
26,USR-2026-0078,COMPLAINT_UPDATED,P3-0020,Complaint Updated,2026-01-02 00:02:00
27,USR-2026-0097,PROFILE_UPDATED,USR-2026-0033,Profile Updated,2026-01-02 00:39:00
28,USR-2026-0024,MONTHLY_ALLOCATION_LOCKED,2026-007,Monthly Allocation Locked,2026-01-02 01:16:00
29,USR-2026-0136,PAYMENT_SUBMITTED,AR-2026-0094,Payment Submitted,2026-01-02 01:53:00
30,USR-2026-0121,COMPLAINT_CREATED,G3-0044,Complaint Created,2026-01-02 02:30:00
31,USR-2026-0106,MONTHLY_ALLOCATION_LOCKED,2026-006,Monthly Allocation Locked,2026-01-02 03:07:00
32,USR-2026-0033,MONTHLY_ALLOCATION_LOCKED,2026-001,Monthly Allocation Locked,2026-01-02 03:44:00
33,USR-2026-0010,DIRECTOR_ASSIGNED,USR-2026-0119,Director Assigned,2026-01-02 04:21:00
34,USR-2026-0058,PASSWORD_CHANGED,USR-2026-0051,Password Changed,2026-01-02 04:58:00
35,USR-2026-0066,PASSWORD_CHANGED,USR-2026-0046,Password Changed,2026-01-02 05:35:00
36,USR-2026-0115,MONTHLY_ALLOCATION_LOCKED,2026-002,Monthly Allocation Locked,2026-01-02 06:12:00
37,USR-2026-0082,PROFILE_UPDATED,USR-2026-0051,Profile Updated,2026-01-02 06:49:00
38,USR-2026-0093,LOGIN,USR-2026-0021,Login,2026-01-02 07:26:00
39,USR-2026-0052,COMPLAINT_UPDATED,I3-0022,Complaint Updated,2026-01-02 08:03:00
40,USR-2026-0106,LOGIN,USR-2026-0123,Login,2026-01-02 08:40:00
41,USR-2026-0026,PAYMENT_SUBMITTED,AR-2026-0123,Payment Submitted,2026-01-02 09:17:00
42,USR-2026-0023,PAYMENT_SUBMITTED,AR-2026-0086,Payment Submitted,2026-01-02 09:54:00
43,USR-2026-0137,PASSWORD_CHANGED,USR-2026-0027,Password Changed,2026-01-02 10:31:00
44,USR-2026-0093,COMPLAINT_RESOLVED,P3-0033,Complaint Resolved,2026-01-02 11:08:00
45,USR-2026-0018,PASSWORD_CHANGED,USR-2026-0017,Password Changed,2026-01-02 11:45:00
46,USR-2026-0151,PAYMENT_REJECTED,AR-2026-0161,Payment Rejected,2026-01-02 12:22:00
47,USR-2026-0125,COMPLAINT_CREATED,S3-0003,Complaint Created,2026-01-02 12:59:00
48,USR-2026-0109,PAYMENT_VERIFIED,AR-2026-0122,Payment Verified,2026-01-02 13:36:00
49,USR-2026-0085,COMPLAINT_RESOLVED,B3-0011,Complaint Resolved,2026-01-02 14:13:00
50,USR-2026-0143,ACCOUNT_CREATED,USR-2026-0106,Account Created,2026-01-02 14:50:00
51,USR-2026-0016,MONTHLY_ALLOCATION_LOCKED,2026-004,Monthly Allocation Locked,2026-01-02 15:27:00
52,USR-2026-0083,ACCOUNT_CREATED,USR-2026-0115,Account Created,2026-01-02 16:04:00
53,USR-2026-0012,PAYMENT_SUBMITTED,AR-2026-0140,Payment Submitted,2026-01-02 16:41:00
54,USR-2026-0028,MONTHLY_ALLOCATION_LOCKED,2026-005,Monthly Allocation Locked,2026-01-02 17:18:00
55,USR-2026-0151,PAYMENT_REJECTED,AR-2026-0128,Payment Rejected,2026-01-02 17:55:00
56,USR-2026-0033,ACCOUNT_CREATED,USR-2026-0050,Account Created,2026-01-02 18:32:00
57,USR-2026-0084,LOGIN,USR-2026-0028,Login,2026-01-02 19:09:00
58,USR-2026-0024,PASSWORD_CHANGED,USR-2026-0008,Password Changed,2026-01-02 19:46:00
59,USR-2026-0050,COMPLAINT_RESOLVED,F3-0016,Complaint Resolved,2026-01-02 20:23:00
60,USR-2026-0027,COMPLAINT_UPDATED,G3-0006,Complaint Updated,2026-01-02 21:00:00
61,USR-2026-0091,DIRECTOR_ASSIGNED,USR-2026-0042,Director Assigned,2026-01-02 21:37:00
62,USR-2026-0078,PROFILE_UPDATED,USR-2026-0029,Profile Updated,2026-01-02 22:14:00
63,USR-2026-0068,PROFILE_UPDATED,USR-2026-0113,Profile Updated,2026-01-02 22:51:00
64,USR-2026-0079,PROFILE_UPDATED,USR-2026-0050,Profile Updated,2026-01-02 23:28:00
65,USR-2026-0057,COMPLAINT_RESOLVED,P3-0037,Complaint Resolved,2026-01-03 00:05:00
66,USR-2026-0093,PAYMENT_REJECTED,AR-2026-0085,Payment Rejected,2026-01-03 00:42:00
67,USR-2026-0013,COMPLAINT_RESOLVED,P3-0042,Complaint Resolved,2026-01-03 01:19:00
68,USR-2026-0065,MONTHLY_ALLOCATION_LOCKED,2026-007,Monthly Allocation Locked,2026-01-03 01:56:00
69,USR-2026-0114,ACCOUNT_CREATED,USR-2026-0073,Account Created,2026-01-03 02:33:00
70,USR-2026-0074,PAYMENT_SUBMITTED,AR-2026-0087,Payment Submitted,2026-01-03 03:10:00
71,USR-2026-0076,COMPLAINT_RESOLVED,B3-0023,Complaint Resolved,2026-01-03 03:47:00
72,USR-2026-0063,PAYMENT_SUBMITTED,AR-2026-0079,Payment Submitted,2026-01-03 04:24:00
73,USR-2026-0142,COMPLAINT_UPDATED,S3-0051,Complaint Updated,2026-01-03 05:01:00
74,USR-2026-0149,DIRECTOR_ASSIGNED,USR-2026-0012,Director Assigned,2026-01-03 05:38:00
75,USR-2026-0081,COMPLAINT_CREATED,B3-0050,Complaint Created,2026-01-03 06:15:00
76,USR-2026-0043,COMPLAINT_RESOLVED,I3-0048,Complaint Resolved,2026-01-03 06:52:00
77,USR-2026-0020,PAYMENT_SUBMITTED,AR-2026-0159,Payment Submitted,2026-01-03 07:29:00
78,USR-2026-0105,DIRECTOR_ASSIGNED,USR-2026-0068,Director Assigned,2026-01-03 08:06:00
79,USR-2026-0081,LOGIN,USR-2026-0142,Login,2026-01-03 08:43:00
80,USR-2026-0004,PASSWORD_CHANGED,USR-2026-0131,Password Changed,2026-01-03 09:20:00
81,USR-2026-0114,COMPLAINT_UPDATED,B3-0057,Complaint Updated,2026-01-03 09:57:00
82,USR-2026-0110,PAYMENT_REJECTED,AR-2026-0175,Payment Rejected,2026-01-03 10:34:00
83,USR-2026-0114,LOGIN,USR-2026-0045,Login,2026-01-03 11:11:00
84,USR-2026-0110,DIRECTOR_ASSIGNED,USR-2026-0077,Director Assigned,2026-01-03 11:48:00
85,USR-2026-0065,PAYMENT_REJECTED,AR-2026-0049,Payment Rejected,2026-01-03 12:25:00
86,USR-2026-0019,LOGIN,USR-2026-0075,Login,2026-01-03 13:02:00
87,USR-2026-0102,ACCOUNT_CREATED,USR-2026-0152,Account Created,2026-01-03 13:39:00
88,USR-2026-0017,PAYMENT_REJECTED,AR-2026-0169,Payment Rejected,2026-01-03 14:16:00
89,USR-2026-0152,DIRECTOR_ASSIGNED,USR-2026-0042,Director Assigned,2026-01-03 14:53:00
90,USR-2026-0105,PAYMENT_REJECTED,AR-2026-0079,Payment Rejected,2026-01-03 15:30:00
91,USR-2026-0054,PASSWORD_CHANGED,USR-2026-0087,Password Changed,2026-01-03 16:07:00
92,USR-2026-0147,PROFILE_UPDATED,USR-2026-0019,Profile Updated,2026-01-03 16:44:00
93,USR-2026-0048,PROFILE_UPDATED,USR-2026-0099,Profile Updated,2026-01-03 17:21:00
94,USR-2026-0077,PROFILE_UPDATED,USR-2026-0149,Profile Updated,2026-01-03 17:58:00
95,USR-2026-0085,PROFILE_UPDATED,USR-2026-0146,Profile Updated,2026-01-03 18:35:00
96,USR-2026-0127,PROFILE_UPDATED,USR-2026-0072,Profile Updated,2026-01-03 19:12:00
97,USR-2026-0084,COMPLAINT_UPDATED,F3-0002,Complaint Updated,2026-01-03 19:49:00
98,USR-2026-0095,DIRECTOR_ASSIGNED,USR-2026-0135,Director Assigned,2026-01-03 20:26:00
99,USR-2026-0064,DIRECTOR_ASSIGNED,USR-2026-0089,Director Assigned,2026-01-03 21:03:00
100,USR-2026-0111,PAYMENT_SUBMITTED,AR-2026-0180,Payment Submitted,2026-01-03 21:40:00
101,USR-2026-0081,PROFILE_UPDATED,USR-2026-0149,Profile Updated,2026-01-03 22:17:00
102,USR-2026-0071,ACCOUNT_CREATED,USR-2026-0087,Account Created,2026-01-03 22:54:00
103,USR-2026-0015,DIRECTOR_ASSIGNED,USR-2026-0137,Director Assigned,2026-01-03 23:31:00
104,USR-2026-0023,PROFILE_UPDATED,USR-2026-0097,Profile Updated,2026-01-04 00:08:00
105,USR-2026-0103,COMPLAINT_RESOLVED,I3-0053,Complaint Resolved,2026-01-04 00:45:00
106,USR-2026-0062,PAYMENT_SUBMITTED,AR-2026-0039,Payment Submitted,2026-01-04 01:22:00
107,USR-2026-0092,DIRECTOR_ASSIGNED,USR-2026-0149,Director Assigned,2026-01-04 01:59:00
108,USR-2026-0028,PAYMENT_VERIFIED,AR-2026-0180,Payment Verified,2026-01-04 02:36:00
109,USR-2026-0069,PROFILE_UPDATED,USR-2026-0068,Profile Updated,2026-01-04 03:13:00
110,USR-2026-0082,PAYMENT_SUBMITTED,AR-2026-0006,Payment Submitted,2026-01-04 03:50:00
111,USR-2026-0047,DIRECTOR_ASSIGNED,USR-2026-0126,Director Assigned,2026-01-04 04:27:00
112,USR-2026-0097,DIRECTOR_ASSIGNED,USR-2026-0149,Director Assigned,2026-01-04 05:04:00
113,USR-2026-0061,DIRECTOR_ASSIGNED,USR-2026-0030,Director Assigned,2026-01-04 05:41:00
114,USR-2026-0098,COMPLAINT_CREATED,P3-0004,Complaint Created,2026-01-04 06:18:00
115,USR-2026-0083,MONTHLY_ALLOCATION_LOCKED,2026-002,Monthly Allocation Locked,2026-01-04 06:55:00
116,USR-2026-0141,PAYMENT_VERIFIED,AR-2026-0038,Payment Verified,2026-01-04 07:32:00
117,USR-2026-0096,PASSWORD_CHANGED,USR-2026-0077,Password Changed,2026-01-04 08:09:00
118,USR-2026-0026,DIRECTOR_ASSIGNED,USR-2026-0002,Director Assigned,2026-01-04 08:46:00
119,USR-2026-0044,LOGIN,USR-2026-0001,Login,2026-01-04 09:23:00
120,USR-2026-0121,ACCOUNT_CREATED,USR-2026-0131,Account Created,2026-01-04 10:00:00
121,USR-2026-0110,PROFILE_UPDATED,USR-2026-0025,Profile Updated,2026-01-04 10:37:00
122,USR-2026-0110,ACCOUNT_CREATED,USR-2026-0100,Account Created,2026-01-04 11:14:00
123,USR-2026-0086,COMPLAINT_RESOLVED,I3-0058,Complaint Resolved,2026-01-04 11:51:00
124,USR-2026-0028,LOGIN,USR-2026-0009,Login,2026-01-04 12:28:00
125,USR-2026-0046,LOGIN,USR-2026-0105,Login,2026-01-04 13:05:00
126,USR-2026-0087,PAYMENT_SUBMITTED,AR-2026-0133,Payment Submitted,2026-01-04 13:42:00
127,USR-2026-0009,PROFILE_UPDATED,USR-2026-0009,Profile Updated,2026-01-04 14:19:00
128,USR-2026-0059,PAYMENT_SUBMITTED,AR-2026-0097,Payment Submitted,2026-01-04 14:56:00
129,USR-2026-0119,PAYMENT_SUBMITTED,AR-2026-0179,Payment Submitted,2026-01-04 15:33:00
130,USR-2026-0041,PAYMENT_SUBMITTED,AR-2026-0104,Payment Submitted,2026-01-04 16:10:00
131,USR-2026-0130,PAYMENT_REJECTED,AR-2026-0037,Payment Rejected,2026-01-04 16:47:00
132,USR-2026-0004,ACCOUNT_CREATED,USR-2026-0038,Account Created,2026-01-04 17:24:00
133,USR-2026-0053,PROFILE_UPDATED,USR-2026-0119,Profile Updated,2026-01-04 18:01:00
134,USR-2026-0064,PAYMENT_SUBMITTED,AR-2026-0119,Payment Submitted,2026-01-04 18:38:00
135,USR-2026-0022,ACCOUNT_CREATED,USR-2026-0029,Account Created,2026-01-04 19:15:00
136,USR-2026-0049,COMPLAINT_UPDATED,B3-0046,Complaint Updated,2026-01-04 19:52:00
137,USR-2026-0053,MONTHLY_ALLOCATION_LOCKED,2026-005,Monthly Allocation Locked,2026-01-04 20:29:00
138,USR-2026-0135,ACCOUNT_CREATED,USR-2026-0090,Account Created,2026-01-04 21:06:00
139,USR-2026-0013,PROFILE_UPDATED,USR-2026-0112,Profile Updated,2026-01-04 21:43:00
140,USR-2026-0038,PAYMENT_SUBMITTED,AR-2026-0092,Payment Submitted,2026-01-04 22:20:00
141,USR-2026-0079,PAYMENT_REJECTED,AR-2026-0130,Payment Rejected,2026-01-04 22:57:00
142,USR-2026-0081,PAYMENT_SUBMITTED,AR-2026-0166,Payment Submitted,2026-01-04 23:34:00
143,USR-2026-0036,DIRECTOR_ASSIGNED,USR-2026-0028,Director Assigned,2026-01-05 00:11:00
144,USR-2026-0014,MONTHLY_ALLOCATION_LOCKED,2026-002,Monthly Allocation Locked,2026-01-05 00:48:00
145,USR-2026-0080,PROFILE_UPDATED,USR-2026-0138,Profile Updated,2026-01-05 01:25:00
146,USR-2026-0111,PAYMENT_VERIFIED,AR-2026-0066,Payment Verified,2026-01-05 02:02:00
147,USR-2026-0103,PAYMENT_SUBMITTED,AR-2026-0175,Payment Submitted,2026-01-05 02:39:00
148,USR-2026-0093,PAYMENT_SUBMITTED,AR-2026-0109,Payment Submitted,2026-01-05 03:16:00
149,USR-2026-0078,PAYMENT_REJECTED,AR-2026-0153,Payment Rejected,2026-01-05 03:53:00
150,USR-2026-0034,COMPLAINT_RESOLVED,P3-0010,Complaint Resolved,2026-01-05 04:30:00
151,USR-2026-0018,PROFILE_UPDATED,USR-2026-0022,Profile Updated,2026-01-05 05:07:00
152,USR-2026-0068,PAYMENT_VERIFIED,AR-2026-0063,Payment Verified,2026-01-05 05:44:00
153,USR-2026-0138,COMPLAINT_RESOLVED,G3-0057,Complaint Resolved,2026-01-05 06:21:00
154,USR-2026-0071,COMPLAINT_UPDATED,F3-0033,Complaint Updated,2026-01-05 06:58:00
155,USR-2026-0148,PASSWORD_CHANGED,USR-2026-0122,Password Changed,2026-01-05 07:35:00
156,USR-2026-0147,DIRECTOR_ASSIGNED,USR-2026-0148,Director Assigned,2026-01-05 08:12:00
157,USR-2026-0007,PAYMENT_REJECTED,AR-2026-0027,Payment Rejected,2026-01-05 08:49:00
158,USR-2026-0006,COMPLAINT_CREATED,G3-0055,Complaint Created,2026-01-05 09:26:00
159,USR-2026-0067,PAYMENT_SUBMITTED,AR-2026-0147,Payment Submitted,2026-01-05 10:03:00
160,USR-2026-0015,MONTHLY_ALLOCATION_LOCKED,2026-001,Monthly Allocation Locked,2026-01-05 10:40:00
161,USR-2026-0018,PAYMENT_SUBMITTED,AR-2026-0141,Payment Submitted,2026-01-05 11:17:00
162,USR-2026-0022,PROFILE_UPDATED,USR-2026-0103,Profile Updated,2026-01-05 11:54:00
163,USR-2026-0076,MONTHLY_ALLOCATION_LOCKED,2026-007,Monthly Allocation Locked,2026-01-05 12:31:00
164,USR-2026-0039,ACCOUNT_CREATED,USR-2026-0148,Account Created,2026-01-05 13:08:00
165,USR-2026-0073,LOGIN,USR-2026-0022,Login,2026-01-05 13:45:00
166,USR-2026-0071,PAYMENT_SUBMITTED,AR-2026-0082,Payment Submitted,2026-01-05 14:22:00
167,USR-2026-0087,PAYMENT_SUBMITTED,AR-2026-0113,Payment Submitted,2026-01-05 14:59:00
168,USR-2026-0054,ACCOUNT_CREATED,USR-2026-0060,Account Created,2026-01-05 15:36:00
169,USR-2026-0125,LOGIN,USR-2026-0094,Login,2026-01-05 16:13:00
170,USR-2026-0144,COMPLAINT_CREATED,I3-0021,Complaint Created,2026-01-05 16:50:00
171,USR-2026-0095,MONTHLY_ALLOCATION_LOCKED,2026-004,Monthly Allocation Locked,2026-01-05 17:27:00
172,USR-2026-0053,PASSWORD_CHANGED,USR-2026-0134,Password Changed,2026-01-05 18:04:00
173,USR-2026-0064,MONTHLY_ALLOCATION_LOCKED,2026-001,Monthly Allocation Locked,2026-01-05 18:41:00
174,USR-2026-0140,PAYMENT_REJECTED,AR-2026-0003,Payment Rejected,2026-01-05 19:18:00
175,USR-2026-0114,PAYMENT_REJECTED,AR-2026-0006,Payment Rejected,2026-01-05 19:55:00
176,USR-2026-0047,DIRECTOR_ASSIGNED,USR-2026-0060,Director Assigned,2026-01-05 20:32:00
177,USR-2026-0122,DIRECTOR_ASSIGNED,USR-2026-0129,Director Assigned,2026-01-05 21:09:00
178,USR-2026-0089,PASSWORD_CHANGED,USR-2026-0094,Password Changed,2026-01-05 21:46:00
179,USR-2026-0132,LOGIN,USR-2026-0141,Login,2026-01-05 22:23:00
180,USR-2026-0069,DIRECTOR_ASSIGNED,USR-2026-0074,Director Assigned,2026-01-05 23:00:00
181,USR-2026-0055,PASSWORD_CHANGED,USR-2026-0140,Password Changed,2026-01-05 23:37:00
182,USR-2026-0092,COMPLAINT_UPDATED,B3-0034,Complaint Updated,2026-01-06 00:14:00
183,USR-2026-0001,PAYMENT_SUBMITTED,AR-2026-0031,Payment Submitted,2026-01-06 00:51:00
184,USR-2026-0007,PASSWORD_CHANGED,USR-2026-0059,Password Changed,2026-01-06 01:28:00
185,USR-2026-0079,ACCOUNT_CREATED,USR-2026-0136,Account Created,2026-01-06 02:05:00
186,USR-2026-0032,PAYMENT_VERIFIED,AR-2026-0130,Payment Verified,2026-01-06 02:42:00
187,USR-2026-0023,COMPLAINT_RESOLVED,I3-0031,Complaint Resolved,2026-01-06 03:19:00
188,USR-2026-0055,PAYMENT_SUBMITTED,AR-2026-0059,Payment Submitted,2026-01-06 03:56:00
189,USR-2026-0138,ACCOUNT_CREATED,USR-2026-0017,Account Created,2026-01-06 04:33:00
190,USR-2026-0078,COMPLAINT_RESOLVED,B3-0015,Complaint Resolved,2026-01-06 05:10:00
191,USR-2026-0095,COMPLAINT_UPDATED,G3-0035,Complaint Updated,2026-01-06 05:47:00
192,USR-2026-0098,PASSWORD_CHANGED,USR-2026-0132,Password Changed,2026-01-06 06:24:00
193,USR-2026-0060,PAYMENT_REJECTED,AR-2026-0117,Payment Rejected,2026-01-06 07:01:00
194,USR-2026-0018,PROFILE_UPDATED,USR-2026-0054,Profile Updated,2026-01-06 07:38:00
195,USR-2026-0089,LOGIN,USR-2026-0004,Login,2026-01-06 08:15:00
196,USR-2026-0106,PAYMENT_VERIFIED,AR-2026-0059,Payment Verified,2026-01-06 08:52:00
197,USR-2026-0045,COMPLAINT_RESOLVED,F3-0026,Complaint Resolved,2026-01-06 09:29:00
198,USR-2026-0089,PAYMENT_VERIFIED,AR-2026-0012,Payment Verified,2026-01-06 10:06:00
199,USR-2026-0033,COMPLAINT_RESOLVED,S3-0050,Complaint Resolved,2026-01-06 10:43:00
200,USR-2026-0047,MONTHLY_ALLOCATION_LOCKED,2026-007,Monthly Allocation Locked,2026-01-06 11:20:00
201,USR-2026-0121,PAYMENT_VERIFIED,AR-2026-0014,Payment Verified,2026-01-06 11:57:00
202,USR-2026-0143,PASSWORD_CHANGED,USR-2026-0089,Password Changed,2026-01-06 12:34:00
203,USR-2026-0133,PAYMENT_REJECTED,AR-2026-0064,Payment Rejected,2026-01-06 13:11:00
204,USR-2026-0095,ACCOUNT_CREATED,USR-2026-0130,Account Created,2026-01-06 13:48:00
205,USR-2026-0118,COMPLAINT_UPDATED,G3-0014,Complaint Updated,2026-01-06 14:25:00
206,USR-2026-0149,COMPLAINT_RESOLVED,I3-0049,Complaint Resolved,2026-01-06 15:02:00
207,USR-2026-0022,ACCOUNT_CREATED,USR-2026-0056,Account Created,2026-01-06 15:39:00
208,USR-2026-0010,MONTHLY_ALLOCATION_LOCKED,2026-001,Monthly Allocation Locked,2026-01-06 16:16:00
209,USR-2026-0074,PAYMENT_REJECTED,AR-2026-0108,Payment Rejected,2026-01-06 16:53:00
210,USR-2026-0064,COMPLAINT_UPDATED,F3-0003,Complaint Updated,2026-01-06 17:30:00
211,USR-2026-0088,PAYMENT_SUBMITTED,AR-2026-0005,Payment Submitted,2026-01-06 18:07:00
212,USR-2026-0030,COMPLAINT_UPDATED,G3-0036,Complaint Updated,2026-01-06 18:44:00
213,USR-2026-0140,PROFILE_UPDATED,USR-2026-0095,Profile Updated,2026-01-06 19:21:00
214,USR-2026-0077,DIRECTOR_ASSIGNED,USR-2026-0030,Director Assigned,2026-01-06 19:58:00
215,USR-2026-0061,COMPLAINT_CREATED,I3-0052,Complaint Created,2026-01-06 20:35:00
216,USR-2026-0033,LOGIN,USR-2026-0002,Login,2026-01-06 21:12:00
217,USR-2026-0090,MONTHLY_ALLOCATION_LOCKED,2026-005,Monthly Allocation Locked,2026-01-06 21:49:00
218,USR-2026-0103,DIRECTOR_ASSIGNED,USR-2026-0103,Director Assigned,2026-01-06 22:26:00
219,USR-2026-0137,PAYMENT_VERIFIED,AR-2026-0101,Payment Verified,2026-01-06 23:03:00
220,USR-2026-0075,COMPLAINT_CREATED,G3-0022,Complaint Created,2026-01-06 23:40:00
221,USR-2026-0077,COMPLAINT_CREATED,G3-0025,Complaint Created,2026-01-07 00:17:00
222,USR-2026-0142,COMPLAINT_RESOLVED,S3-0057,Complaint Resolved,2026-01-07 00:54:00
223,USR-2026-0061,ACCOUNT_CREATED,USR-2026-0058,Account Created,2026-01-07 01:31:00
224,USR-2026-0003,ACCOUNT_CREATED,USR-2026-0068,Account Created,2026-01-07 02:08:00
225,USR-2026-0085,COMPLAINT_RESOLVED,S3-0039,Complaint Resolved,2026-01-07 02:45:00
226,USR-2026-0089,COMPLAINT_CREATED,B3-0056,Complaint Created,2026-01-07 03:22:00
227,USR-2026-0124,ACCOUNT_CREATED,USR-2026-0119,Account Created,2026-01-07 03:59:00
228,USR-2026-0030,ACCOUNT_CREATED,USR-2026-0105,Account Created,2026-01-07 04:36:00
229,USR-2026-0047,LOGIN,USR-2026-0114,Login,2026-01-07 05:13:00
230,USR-2026-0108,PAYMENT_SUBMITTED,AR-2026-0073,Payment Submitted,2026-01-07 05:50:00
231,USR-2026-0022,MONTHLY_ALLOCATION_LOCKED,2026-003,Monthly Allocation Locked,2026-01-07 06:27:00
232,USR-2026-0081,LOGIN,USR-2026-0027,Login,2026-01-07 07:04:00
233,USR-2026-0139,COMPLAINT_UPDATED,F3-0022,Complaint Updated,2026-01-07 07:41:00
234,USR-2026-0093,PAYMENT_SUBMITTED,AR-2026-0165,Payment Submitted,2026-01-07 08:18:00
235,USR-2026-0126,PAYMENT_REJECTED,AR-2026-0076,Payment Rejected,2026-01-07 08:55:00
236,USR-2026-0028,PAYMENT_REJECTED,AR-2026-0019,Payment Rejected,2026-01-07 09:32:00
237,USR-2026-0087,ACCOUNT_CREATED,USR-2026-0097,Account Created,2026-01-07 10:09:00
238,USR-2026-0123,LOGIN,USR-2026-0077,Login,2026-01-07 10:46:00
239,USR-2026-0012,PAYMENT_REJECTED,AR-2026-0166,Payment Rejected,2026-01-07 11:23:00
240,USR-2026-0081,PAYMENT_SUBMITTED,AR-2026-0030,Payment Submitted,2026-01-07 12:00:00
241,USR-2026-0106,ACCOUNT_CREATED,USR-2026-0012,Account Created,2026-01-07 12:37:00
242,USR-2026-0121,MONTHLY_ALLOCATION_LOCKED,2026-003,Monthly Allocation Locked,2026-01-07 13:14:00
243,USR-2026-0025,MONTHLY_ALLOCATION_LOCKED,2026-002,Monthly Allocation Locked,2026-01-07 13:51:00
244,USR-2026-0055,DIRECTOR_ASSIGNED,USR-2026-0124,Director Assigned,2026-01-07 14:28:00
245,USR-2026-0130,LOGIN,USR-2026-0115,Login,2026-01-07 15:05:00
246,USR-2026-0036,PASSWORD_CHANGED,USR-2026-0124,Password Changed,2026-01-07 15:42:00
247,USR-2026-0114,MONTHLY_ALLOCATION_LOCKED,2026-003,Monthly Allocation Locked,2026-01-07 16:19:00
248,USR-2026-0036,PASSWORD_CHANGED,USR-2026-0071,Password Changed,2026-01-07 16:56:00
249,USR-2026-0074,PAYMENT_REJECTED,AR-2026-0055,Payment Rejected,2026-01-07 17:33:00
250,USR-2026-0035,DIRECTOR_ASSIGNED,USR-2026-0095,Director Assigned,2026-01-07 18:10:00
251,USR-2026-0088,COMPLAINT_UPDATED,P3-0047,Complaint Updated,2026-01-07 18:47:00
252,USR-2026-0049,LOGIN,USR-2026-0011,Login,2026-01-07 19:24:00
253,USR-2026-0146,MONTHLY_ALLOCATION_LOCKED,2026-003,Monthly Allocation Locked,2026-01-07 20:01:00
254,USR-2026-0149,PAYMENT_SUBMITTED,AR-2026-0131,Payment Submitted,2026-01-07 20:38:00
255,USR-2026-0082,LOGIN,USR-2026-0112,Login,2026-01-07 21:15:00
256,USR-2026-0106,LOGIN,USR-2026-0110,Login,2026-01-07 21:52:00
257,USR-2026-0037,PAYMENT_VERIFIED,AR-2026-0160,Payment Verified,2026-01-07 22:29:00
258,USR-2026-0096,MONTHLY_ALLOCATION_LOCKED,2026-005,Monthly Allocation Locked,2026-01-07 23:06:00
259,USR-2026-0085,PASSWORD_CHANGED,USR-2026-0057,Password Changed,2026-01-07 23:43:00
260,USR-2026-0068,PROFILE_UPDATED,USR-2026-0107,Profile Updated,2026-01-08 00:20:00
261,USR-2026-0105,ACCOUNT_CREATED,USR-2026-0112,Account Created,2026-01-08 00:57:00
262,USR-2026-0032,MONTHLY_ALLOCATION_LOCKED,2026-005,Monthly Allocation Locked,2026-01-08 01:34:00
263,USR-2026-0097,PAYMENT_VERIFIED,AR-2026-0055,Payment Verified,2026-01-08 02:11:00
264,USR-2026-0099,PAYMENT_SUBMITTED,AR-2026-0037,Payment Submitted,2026-01-08 02:48:00
265,USR-2026-0102,COMPLAINT_CREATED,I3-0013,Complaint Created,2026-01-08 03:25:00
266,USR-2026-0090,ACCOUNT_CREATED,USR-2026-0068,Account Created,2026-01-08 04:02:00
267,USR-2026-0116,DIRECTOR_ASSIGNED,USR-2026-0067,Director Assigned,2026-01-08 04:39:00
268,USR-2026-0120,PAYMENT_VERIFIED,AR-2026-0112,Payment Verified,2026-01-08 05:16:00
269,USR-2026-0031,PAYMENT_SUBMITTED,AR-2026-0067,Payment Submitted,2026-01-08 05:53:00
270,USR-2026-0111,COMPLAINT_CREATED,F3-0055,Complaint Created,2026-01-08 06:30:00
271,USR-2026-0007,LOGIN,USR-2026-0050,Login,2026-01-08 07:07:00
272,USR-2026-0103,PAYMENT_REJECTED,AR-2026-0078,Payment Rejected,2026-01-08 07:44:00
273,USR-2026-0076,COMPLAINT_RESOLVED,B3-0056,Complaint Resolved,2026-01-08 08:21:00
274,USR-2026-0021,ACCOUNT_CREATED,USR-2026-0131,Account Created,2026-01-08 08:58:00
275,USR-2026-0106,PAYMENT_REJECTED,AR-2026-0070,Payment Rejected,2026-01-08 09:35:00
276,USR-2026-0058,LOGIN,USR-2026-0092,Login,2026-01-08 10:12:00
277,USR-2026-0131,MONTHLY_ALLOCATION_LOCKED,2026-003,Monthly Allocation Locked,2026-01-08 10:49:00
278,USR-2026-0038,ACCOUNT_CREATED,USR-2026-0076,Account Created,2026-01-08 11:26:00
279,USR-2026-0093,PASSWORD_CHANGED,USR-2026-0143,Password Changed,2026-01-08 12:03:00
280,USR-2026-0072,MONTHLY_ALLOCATION_LOCKED,2026-004,Monthly Allocation Locked,2026-01-08 12:40:00
281,USR-2026-0117,PAYMENT_SUBMITTED,AR-2026-0170,Payment Submitted,2026-01-08 13:17:00
282,USR-2026-0139,PASSWORD_CHANGED,USR-2026-0119,Password Changed,2026-01-08 13:54:00
283,USR-2026-0080,PAYMENT_VERIFIED,AR-2026-0171,Payment Verified,2026-01-08 14:31:00
284,USR-2026-0092,PAYMENT_VERIFIED,AR-2026-0039,Payment Verified,2026-01-08 15:08:00
285,USR-2026-0130,PASSWORD_CHANGED,USR-2026-0148,Password Changed,2026-01-08 15:45:00
286,USR-2026-0092,MONTHLY_ALLOCATION_LOCKED,2026-005,Monthly Allocation Locked,2026-01-08 16:22:00
287,USR-2026-0152,COMPLAINT_CREATED,B3-0012,Complaint Created,2026-01-08 16:59:00
288,USR-2026-0085,COMPLAINT_UPDATED,P3-0017,Complaint Updated,2026-01-08 17:36:00
289,USR-2026-0089,LOGIN,USR-2026-0066,Login,2026-01-08 18:13:00
290,USR-2026-0107,PAYMENT_REJECTED,AR-2026-0096,Payment Rejected,2026-01-08 18:50:00
291,USR-2026-0014,DIRECTOR_ASSIGNED,USR-2026-0034,Director Assigned,2026-01-08 19:27:00
292,USR-2026-0031,COMPLAINT_RESOLVED,I3-0018,Complaint Resolved,2026-01-08 20:04:00
293,USR-2026-0001,LOGIN,USR-2026-0057,Login,2026-01-08 20:41:00
294,USR-2026-0021,PASSWORD_CHANGED,USR-2026-0004,Password Changed,2026-01-08 21:18:00
295,USR-2026-0031,ACCOUNT_CREATED,USR-2026-0116,Account Created,2026-01-08 21:55:00
296,USR-2026-0052,COMPLAINT_UPDATED,G3-0017,Complaint Updated,2026-01-08 22:32:00
297,USR-2026-0124,PAYMENT_VERIFIED,AR-2026-0026,Payment Verified,2026-01-08 23:09:00
298,USR-2026-0005,PAYMENT_SUBMITTED,AR-2026-0096,Payment Submitted,2026-01-08 23:46:00
299,USR-2026-0051,LOGIN,USR-2026-0099,Login,2026-01-09 00:23:00
300,USR-2026-0105,PASSWORD_CHANGED,USR-2026-0093,Password Changed,2026-01-09 01:00:00
301,USR-2026-0071,COMPLAINT_CREATED,F3-0008,Complaint Created,2026-01-09 01:37:00
302,USR-2026-0102,DIRECTOR_ASSIGNED,USR-2026-0028,Director Assigned,2026-01-09 02:14:00
303,USR-2026-0105,PROFILE_UPDATED,USR-2026-0043,Profile Updated,2026-01-09 02:51:00
304,USR-2026-0040,PAYMENT_SUBMITTED,AR-2026-0174,Payment Submitted,2026-01-09 03:28:00
305,USR-2026-0034,PAYMENT_REJECTED,AR-2026-0085,Payment Rejected,2026-01-09 04:05:00
306,USR-2026-0042,MONTHLY_ALLOCATION_LOCKED,2026-003,Monthly Allocation Locked,2026-01-09 04:42:00
307,USR-2026-0133,PAYMENT_REJECTED,AR-2026-0040,Payment Rejected,2026-01-09 05:19:00
308,USR-2026-0123,PAYMENT_SUBMITTED,AR-2026-0151,Payment Submitted,2026-01-09 05:56:00
309,USR-2026-0089,ACCOUNT_CREATED,USR-2026-0140,Account Created,2026-01-09 06:33:00
310,USR-2026-0003,COMPLAINT_UPDATED,I3-0038,Complaint Updated,2026-01-09 07:10:00
311,USR-2026-0035,PASSWORD_CHANGED,USR-2026-0115,Password Changed,2026-01-09 07:47:00
312,USR-2026-0118,PAYMENT_REJECTED,AR-2026-0034,Payment Rejected,2026-01-09 08:24:00
313,USR-2026-0133,PAYMENT_SUBMITTED,AR-2026-0143,Payment Submitted,2026-01-09 09:01:00
314,USR-2026-0010,ACCOUNT_CREATED,USR-2026-0142,Account Created,2026-01-09 09:38:00
315,USR-2026-0061,COMPLAINT_CREATED,G3-0022,Complaint Created,2026-01-09 10:15:00
316,USR-2026-0034,PAYMENT_VERIFIED,AR-2026-0112,Payment Verified,2026-01-09 10:52:00
317,USR-2026-0020,ACCOUNT_CREATED,USR-2026-0093,Account Created,2026-01-09 11:29:00
318,USR-2026-0151,COMPLAINT_RESOLVED,B3-0044,Complaint Resolved,2026-01-09 12:06:00
319,USR-2026-0068,ACCOUNT_CREATED,USR-2026-0150,Account Created,2026-01-09 12:43:00
320,USR-2026-0065,PAYMENT_REJECTED,AR-2026-0032,Payment Rejected,2026-01-09 13:20:00
321,USR-2026-0128,PAYMENT_VERIFIED,AR-2026-0058,Payment Verified,2026-01-09 13:57:00
322,USR-2026-0075,MONTHLY_ALLOCATION_LOCKED,2026-007,Monthly Allocation Locked,2026-01-09 14:34:00
323,USR-2026-0008,COMPLAINT_CREATED,B3-0014,Complaint Created,2026-01-09 15:11:00
324,USR-2026-0090,LOGIN,USR-2026-0124,Login,2026-01-09 15:48:00
325,USR-2026-0082,COMPLAINT_RESOLVED,S3-0034,Complaint Resolved,2026-01-09 16:25:00
326,USR-2026-0020,PASSWORD_CHANGED,USR-2026-0149,Password Changed,2026-01-09 17:02:00
327,USR-2026-0125,DIRECTOR_ASSIGNED,USR-2026-0112,Director Assigned,2026-01-09 17:39:00
328,USR-2026-0092,COMPLAINT_CREATED,F3-0033,Complaint Created,2026-01-09 18:16:00
329,USR-2026-0006,COMPLAINT_UPDATED,S3-0049,Complaint Updated,2026-01-09 18:53:00
330,USR-2026-0117,COMPLAINT_CREATED,P3-0001,Complaint Created,2026-01-09 19:30:00
331,USR-2026-0018,LOGIN,USR-2026-0089,Login,2026-01-09 20:07:00
332,USR-2026-0116,PROFILE_UPDATED,USR-2026-0078,Profile Updated,2026-01-09 20:44:00
333,USR-2026-0036,COMPLAINT_RESOLVED,P3-0051,Complaint Resolved,2026-01-09 21:21:00
334,USR-2026-0096,MONTHLY_ALLOCATION_LOCKED,2026-002,Monthly Allocation Locked,2026-01-09 21:58:00
335,USR-2026-0118,MONTHLY_ALLOCATION_LOCKED,2026-006,Monthly Allocation Locked,2026-01-09 22:35:00
336,USR-2026-0133,COMPLAINT_UPDATED,G3-0040,Complaint Updated,2026-01-09 23:12:00
337,USR-2026-0098,COMPLAINT_RESOLVED,P3-0023,Complaint Resolved,2026-01-09 23:49:00
338,USR-2026-0047,PASSWORD_CHANGED,USR-2026-0095,Password Changed,2026-01-10 00:26:00
339,USR-2026-0064,MONTHLY_ALLOCATION_LOCKED,2026-004,Monthly Allocation Locked,2026-01-10 01:03:00
340,USR-2026-0048,PROFILE_UPDATED,USR-2026-0113,Profile Updated,2026-01-10 01:40:00
341,USR-2026-0108,PAYMENT_REJECTED,AR-2026-0098,Payment Rejected,2026-01-10 02:17:00
342,USR-2026-0034,PAYMENT_SUBMITTED,AR-2026-0042,Payment Submitted,2026-01-10 02:54:00
343,USR-2026-0097,DIRECTOR_ASSIGNED,USR-2026-0088,Director Assigned,2026-01-10 03:31:00
344,USR-2026-0067,PASSWORD_CHANGED,USR-2026-0098,Password Changed,2026-01-10 04:08:00
345,USR-2026-0126,DIRECTOR_ASSIGNED,USR-2026-0094,Director Assigned,2026-01-10 04:45:00
346,USR-2026-0090,COMPLAINT_RESOLVED,P3-0030,Complaint Resolved,2026-01-10 05:22:00
347,USR-2026-0148,ACCOUNT_CREATED,USR-2026-0037,Account Created,2026-01-10 05:59:00
348,USR-2026-0081,COMPLAINT_UPDATED,G3-0049,Complaint Updated,2026-01-10 06:36:00
349,USR-2026-0138,PAYMENT_REJECTED,AR-2026-0047,Payment Rejected,2026-01-10 07:13:00
350,USR-2026-0092,PAYMENT_REJECTED,AR-2026-0105,Payment Rejected,2026-01-10 07:50:00
351,USR-2026-0050,PAYMENT_VERIFIED,AR-2026-0176,Payment Verified,2026-01-10 08:27:00
352,USR-2026-0065,PROFILE_UPDATED,USR-2026-0132,Profile Updated,2026-01-10 09:04:00
353,USR-2026-0116,ACCOUNT_CREATED,USR-2026-0095,Account Created,2026-01-10 09:41:00
354,USR-2026-0014,COMPLAINT_CREATED,P3-0042,Complaint Created,2026-01-10 10:18:00
355,USR-2026-0081,PROFILE_UPDATED,USR-2026-0060,Profile Updated,2026-01-10 10:55:00
356,USR-2026-0042,PAYMENT_VERIFIED,AR-2026-0096,Payment Verified,2026-01-10 11:32:00
357,USR-2026-0133,PAYMENT_SUBMITTED,AR-2026-0057,Payment Submitted,2026-01-10 12:09:00
358,USR-2026-0056,ACCOUNT_CREATED,USR-2026-0146,Account Created,2026-01-10 12:46:00
359,USR-2026-0092,DIRECTOR_ASSIGNED,USR-2026-0019,Director Assigned,2026-01-10 13:23:00
360,USR-2026-0096,PAYMENT_VERIFIED,AR-2026-0147,Payment Verified,2026-01-10 14:00:00
361,USR-2026-0139,COMPLAINT_UPDATED,I3-0005,Complaint Updated,2026-01-10 14:37:00
362,USR-2026-0138,PROFILE_UPDATED,USR-2026-0017,Profile Updated,2026-01-10 15:14:00
363,USR-2026-0050,PASSWORD_CHANGED,USR-2026-0030,Password Changed,2026-01-10 15:51:00
364,USR-2026-0090,ACCOUNT_CREATED,USR-2026-0147,Account Created,2026-01-10 16:28:00
365,USR-2026-0146,PAYMENT_VERIFIED,AR-2026-0044,Payment Verified,2026-01-10 17:05:00
366,USR-2026-0037,PAYMENT_REJECTED,AR-2026-0079,Payment Rejected,2026-01-10 17:42:00
367,USR-2026-0103,DIRECTOR_ASSIGNED,USR-2026-0087,Director Assigned,2026-01-10 18:19:00
368,USR-2026-0128,COMPLAINT_CREATED,P3-0037,Complaint Created,2026-01-10 18:56:00
369,USR-2026-0145,COMPLAINT_RESOLVED,G3-0031,Complaint Resolved,2026-01-10 19:33:00
370,USR-2026-0020,MONTHLY_ALLOCATION_LOCKED,2026-007,Monthly Allocation Locked,2026-01-10 20:10:00
371,USR-2026-0063,COMPLAINT_UPDATED,F3-0050,Complaint Updated,2026-01-10 20:47:00
372,USR-2026-0086,MONTHLY_ALLOCATION_LOCKED,2026-005,Monthly Allocation Locked,2026-01-10 21:24:00
373,USR-2026-0142,PAYMENT_REJECTED,AR-2026-0156,Payment Rejected,2026-01-10 22:01:00
374,USR-2026-0079,PAYMENT_SUBMITTED,AR-2026-0079,Payment Submitted,2026-01-10 22:38:00
375,USR-2026-0040,PASSWORD_CHANGED,USR-2026-0042,Password Changed,2026-01-10 23:15:00
376,USR-2026-0138,PASSWORD_CHANGED,USR-2026-0095,Password Changed,2026-01-10 23:52:00
377,USR-2026-0037,PROFILE_UPDATED,USR-2026-0116,Profile Updated,2026-01-11 00:29:00
378,USR-2026-0087,PROFILE_UPDATED,USR-2026-0074,Profile Updated,2026-01-11 01:06:00
379,USR-2026-0074,LOGIN,USR-2026-0141,Login,2026-01-11 01:43:00
380,USR-2026-0012,ACCOUNT_CREATED,USR-2026-0025,Account Created,2026-01-11 02:20:00
381,USR-2026-0117,ACCOUNT_CREATED,USR-2026-0024,Account Created,2026-01-11 02:57:00
382,USR-2026-0080,COMPLAINT_UPDATED,I3-0040,Complaint Updated,2026-01-11 03:34:00
383,USR-2026-0077,PASSWORD_CHANGED,USR-2026-0028,Password Changed,2026-01-11 04:11:00
384,USR-2026-0059,COMPLAINT_RESOLVED,I3-0030,Complaint Resolved,2026-01-11 04:48:00
385,USR-2026-0120,PAYMENT_SUBMITTED,AR-2026-0052,Payment Submitted,2026-01-11 05:25:00
386,USR-2026-0135,PROFILE_UPDATED,USR-2026-0062,Profile Updated,2026-01-11 06:02:00
387,USR-2026-0094,PAYMENT_VERIFIED,AR-2026-0119,Payment Verified,2026-01-11 06:39:00
388,USR-2026-0004,PAYMENT_VERIFIED,AR-2026-0159,Payment Verified,2026-01-11 07:16:00
389,USR-2026-0071,PAYMENT_VERIFIED,AR-2026-0083,Payment Verified,2026-01-11 07:53:00
390,USR-2026-0121,MONTHLY_ALLOCATION_LOCKED,2026-005,Monthly Allocation Locked,2026-01-11 08:30:00
391,USR-2026-0083,MONTHLY_ALLOCATION_LOCKED,2026-003,Monthly Allocation Locked,2026-01-11 09:07:00
392,USR-2026-0025,COMPLAINT_CREATED,G3-0018,Complaint Created,2026-01-11 09:44:00
393,USR-2026-0018,ACCOUNT_CREATED,USR-2026-0149,Account Created,2026-01-11 10:21:00
394,USR-2026-0119,MONTHLY_ALLOCATION_LOCKED,2026-005,Monthly Allocation Locked,2026-01-11 10:58:00
395,USR-2026-0074,MONTHLY_ALLOCATION_LOCKED,2026-002,Monthly Allocation Locked,2026-01-11 11:35:00
396,USR-2026-0097,ACCOUNT_CREATED,USR-2026-0012,Account Created,2026-01-11 12:12:00
397,USR-2026-0053,COMPLAINT_CREATED,F3-0028,Complaint Created,2026-01-11 12:49:00
398,USR-2026-0014,PASSWORD_CHANGED,USR-2026-0014,Password Changed,2026-01-11 13:26:00
399,USR-2026-0050,ACCOUNT_CREATED,USR-2026-0147,Account Created,2026-01-11 14:03:00
400,USR-2026-0006,MONTHLY_ALLOCATION_LOCKED,2026-002,Monthly Allocation Locked,2026-01-11 14:40:00
401,USR-2026-0094,COMPLAINT_RESOLVED,G3-0042,Complaint Resolved,2026-01-11 15:17:00
402,USR-2026-0035,DIRECTOR_ASSIGNED,USR-2026-0040,Director Assigned,2026-01-11 15:54:00
403,USR-2026-0100,MONTHLY_ALLOCATION_LOCKED,2026-004,Monthly Allocation Locked,2026-01-11 16:31:00
404,USR-2026-0038,PAYMENT_SUBMITTED,AR-2026-0050,Payment Submitted,2026-01-11 17:08:00
405,USR-2026-0125,COMPLAINT_RESOLVED,P3-0038,Complaint Resolved,2026-01-11 17:45:00
406,USR-2026-0070,MONTHLY_ALLOCATION_LOCKED,2026-001,Monthly Allocation Locked,2026-01-11 18:22:00
407,USR-2026-0027,COMPLAINT_RESOLVED,F3-0007,Complaint Resolved,2026-01-11 18:59:00
408,USR-2026-0028,PROFILE_UPDATED,USR-2026-0150,Profile Updated,2026-01-11 19:36:00
409,USR-2026-0047,DIRECTOR_ASSIGNED,USR-2026-0059,Director Assigned,2026-01-11 20:13:00
410,USR-2026-0111,PASSWORD_CHANGED,USR-2026-0013,Password Changed,2026-01-11 20:50:00
411,USR-2026-0081,COMPLAINT_UPDATED,B3-0004,Complaint Updated,2026-01-11 21:27:00
412,USR-2026-0013,DIRECTOR_ASSIGNED,USR-2026-0084,Director Assigned,2026-01-11 22:04:00
413,USR-2026-0030,PAYMENT_VERIFIED,AR-2026-0116,Payment Verified,2026-01-11 22:41:00
414,USR-2026-0042,PASSWORD_CHANGED,USR-2026-0040,Password Changed,2026-01-11 23:18:00
415,USR-2026-0145,COMPLAINT_CREATED,P3-0007,Complaint Created,2026-01-11 23:55:00
416,USR-2026-0125,PASSWORD_CHANGED,USR-2026-0027,Password Changed,2026-01-12 00:32:00
417,USR-2026-0102,COMPLAINT_CREATED,S3-0006,Complaint Created,2026-01-12 01:09:00
418,USR-2026-0127,PAYMENT_VERIFIED,AR-2026-0108,Payment Verified,2026-01-12 01:46:00
419,USR-2026-0007,COMPLAINT_RESOLVED,I3-0046,Complaint Resolved,2026-01-12 02:23:00
420,USR-2026-0103,PAYMENT_REJECTED,AR-2026-0179,Payment Rejected,2026-01-12 03:00:00
421,USR-2026-0081,COMPLAINT_RESOLVED,G3-0029,Complaint Resolved,2026-01-12 03:37:00
422,USR-2026-0084,LOGIN,USR-2026-0055,Login,2026-01-12 04:14:00
423,USR-2026-0127,MONTHLY_ALLOCATION_LOCKED,2026-003,Monthly Allocation Locked,2026-01-12 04:51:00
424,USR-2026-0095,COMPLAINT_UPDATED,G3-0037,Complaint Updated,2026-01-12 05:28:00
425,USR-2026-0127,PAYMENT_REJECTED,AR-2026-0150,Payment Rejected,2026-01-12 06:05:00
426,USR-2026-0091,ACCOUNT_CREATED,USR-2026-0060,Account Created,2026-01-12 06:42:00
427,USR-2026-0143,MONTHLY_ALLOCATION_LOCKED,2026-001,Monthly Allocation Locked,2026-01-12 07:19:00
428,USR-2026-0069,MONTHLY_ALLOCATION_LOCKED,2026-001,Monthly Allocation Locked,2026-01-12 07:56:00
429,USR-2026-0151,COMPLAINT_RESOLVED,G3-0026,Complaint Resolved,2026-01-12 08:33:00
430,USR-2026-0011,COMPLAINT_UPDATED,G3-0032,Complaint Updated,2026-01-12 09:10:00
431,USR-2026-0144,COMPLAINT_UPDATED,I3-0015,Complaint Updated,2026-01-12 09:47:00
432,USR-2026-0046,COMPLAINT_CREATED,G3-0050,Complaint Created,2026-01-12 10:24:00
433,USR-2026-0060,MONTHLY_ALLOCATION_LOCKED,2026-005,Monthly Allocation Locked,2026-01-12 11:01:00
434,USR-2026-0068,COMPLAINT_CREATED,P3-0041,Complaint Created,2026-01-12 11:38:00
435,USR-2026-0058,PROFILE_UPDATED,USR-2026-0094,Profile Updated,2026-01-12 12:15:00
436,USR-2026-0085,COMPLAINT_UPDATED,F3-0027,Complaint Updated,2026-01-12 12:52:00
437,USR-2026-0084,COMPLAINT_RESOLVED,S3-0019,Complaint Resolved,2026-01-12 13:29:00
438,USR-2026-0141,PAYMENT_REJECTED,AR-2026-0173,Payment Rejected,2026-01-12 14:06:00
439,USR-2026-0024,PAYMENT_SUBMITTED,AR-2026-0173,Payment Submitted,2026-01-12 14:43:00
440,USR-2026-0113,COMPLAINT_RESOLVED,I3-0023,Complaint Resolved,2026-01-12 15:20:00
441,USR-2026-0027,LOGIN,USR-2026-0036,Login,2026-01-12 15:57:00
442,USR-2026-0142,PAYMENT_SUBMITTED,AR-2026-0152,Payment Submitted,2026-01-12 16:34:00
443,USR-2026-0033,PASSWORD_CHANGED,USR-2026-0132,Password Changed,2026-01-12 17:11:00
444,USR-2026-0101,PAYMENT_REJECTED,AR-2026-0088,Payment Rejected,2026-01-12 17:48:00
445,USR-2026-0110,COMPLAINT_UPDATED,B3-0003,Complaint Updated,2026-01-12 18:25:00
446,USR-2026-0054,PAYMENT_VERIFIED,AR-2026-0146,Payment Verified,2026-01-12 19:02:00
447,USR-2026-0028,COMPLAINT_CREATED,F3-0055,Complaint Created,2026-01-12 19:39:00
448,USR-2026-0109,COMPLAINT_CREATED,S3-0047,Complaint Created,2026-01-12 20:16:00
449,USR-2026-0128,LOGIN,USR-2026-0149,Login,2026-01-12 20:53:00
450,USR-2026-0022,DIRECTOR_ASSIGNED,USR-2026-0117,Director Assigned,2026-01-12 21:30:00
451,USR-2026-0133,PROFILE_UPDATED,USR-2026-0152,Profile Updated,2026-01-12 22:07:00
452,USR-2026-0023,PROFILE_UPDATED,USR-2026-0065,Profile Updated,2026-01-12 22:44:00
453,USR-2026-0082,PAYMENT_SUBMITTED,AR-2026-0055,Payment Submitted,2026-01-12 23:21:00
454,USR-2026-0066,COMPLAINT_CREATED,P3-0056,Complaint Created,2026-01-12 23:58:00
455,USR-2026-0039,MONTHLY_ALLOCATION_LOCKED,2026-006,Monthly Allocation Locked,2026-01-13 00:35:00
456,USR-2026-0151,PROFILE_UPDATED,USR-2026-0088,Profile Updated,2026-01-13 01:12:00
457,USR-2026-0035,LOGIN,USR-2026-0052,Login,2026-01-13 01:49:00
458,USR-2026-0131,LOGIN,USR-2026-0103,Login,2026-01-13 02:26:00
459,USR-2026-0082,DIRECTOR_ASSIGNED,USR-2026-0036,Director Assigned,2026-01-13 03:03:00
460,USR-2026-0083,COMPLAINT_CREATED,G3-0011,Complaint Created,2026-01-13 03:40:00
461,USR-2026-0056,COMPLAINT_UPDATED,B3-0002,Complaint Updated,2026-01-13 04:17:00
462,USR-2026-0132,ACCOUNT_CREATED,USR-2026-0101,Account Created,2026-01-13 04:54:00
463,USR-2026-0007,PAYMENT_SUBMITTED,AR-2026-0014,Payment Submitted,2026-01-13 05:31:00
464,USR-2026-0118,PAYMENT_SUBMITTED,AR-2026-0179,Payment Submitted,2026-01-13 06:08:00
465,USR-2026-0072,ACCOUNT_CREATED,USR-2026-0147,Account Created,2026-01-13 06:45:00
466,USR-2026-0098,PAYMENT_SUBMITTED,AR-2026-0086,Payment Submitted,2026-01-13 07:22:00
467,USR-2026-0143,COMPLAINT_UPDATED,G3-0057,Complaint Updated,2026-01-13 07:59:00
468,USR-2026-0029,DIRECTOR_ASSIGNED,USR-2026-0028,Director Assigned,2026-01-13 08:36:00
469,USR-2026-0063,ACCOUNT_CREATED,USR-2026-0002,Account Created,2026-01-13 09:13:00
470,USR-2026-0063,PASSWORD_CHANGED,USR-2026-0133,Password Changed,2026-01-13 09:50:00
471,USR-2026-0058,ACCOUNT_CREATED,USR-2026-0047,Account Created,2026-01-13 10:27:00
472,USR-2026-0103,ACCOUNT_CREATED,USR-2026-0033,Account Created,2026-01-13 11:04:00
473,USR-2026-0085,PAYMENT_VERIFIED,AR-2026-0106,Payment Verified,2026-01-13 11:41:00
474,USR-2026-0113,PROFILE_UPDATED,USR-2026-0121,Profile Updated,2026-01-13 12:18:00
475,USR-2026-0106,PAYMENT_VERIFIED,AR-2026-0075,Payment Verified,2026-01-13 12:55:00
476,USR-2026-0142,COMPLAINT_RESOLVED,G3-0046,Complaint Resolved,2026-01-13 13:32:00
477,USR-2026-0080,MONTHLY_ALLOCATION_LOCKED,2026-007,Monthly Allocation Locked,2026-01-13 14:09:00
478,USR-2026-0040,DIRECTOR_ASSIGNED,USR-2026-0019,Director Assigned,2026-01-13 14:46:00
479,USR-2026-0080,COMPLAINT_RESOLVED,F3-0048,Complaint Resolved,2026-01-13 15:23:00
480,USR-2026-0018,PAYMENT_SUBMITTED,AR-2026-0007,Payment Submitted,2026-01-13 16:00:00
481,USR-2026-0086,COMPLAINT_RESOLVED,G3-0027,Complaint Resolved,2026-01-13 16:37:00
482,USR-2026-0089,PAYMENT_REJECTED,AR-2026-0036,Payment Rejected,2026-01-13 17:14:00
483,USR-2026-0079,COMPLAINT_CREATED,G3-0035,Complaint Created,2026-01-13 17:51:00
484,USR-2026-0024,PAYMENT_REJECTED,AR-2026-0143,Payment Rejected,2026-01-13 18:28:00
485,USR-2026-0103,LOGIN,USR-2026-0021,Login,2026-01-13 19:05:00
486,USR-2026-0141,DIRECTOR_ASSIGNED,USR-2026-0098,Director Assigned,2026-01-13 19:42:00
487,USR-2026-0073,PAYMENT_REJECTED,AR-2026-0062,Payment Rejected,2026-01-13 20:19:00
488,USR-2026-0134,COMPLAINT_RESOLVED,P3-0056,Complaint Resolved,2026-01-13 20:56:00
489,USR-2026-0011,ACCOUNT_CREATED,USR-2026-0095,Account Created,2026-01-13 21:33:00
490,USR-2026-0146,PAYMENT_SUBMITTED,AR-2026-0108,Payment Submitted,2026-01-13 22:10:00
491,USR-2026-0021,PAYMENT_SUBMITTED,AR-2026-0102,Payment Submitted,2026-01-13 22:47:00
492,USR-2026-0126,DIRECTOR_ASSIGNED,USR-2026-0001,Director Assigned,2026-01-13 23:24:00
493,USR-2026-0010,PAYMENT_REJECTED,AR-2026-0049,Payment Rejected,2026-01-14 00:01:00
494,USR-2026-0099,PAYMENT_VERIFIED,AR-2026-0133,Payment Verified,2026-01-14 00:38:00
495,USR-2026-0119,COMPLAINT_RESOLVED,B3-0013,Complaint Resolved,2026-01-14 01:15:00
496,USR-2026-0133,COMPLAINT_UPDATED,F3-0023,Complaint Updated,2026-01-14 01:52:00
497,USR-2026-0035,PAYMENT_VERIFIED,AR-2026-0045,Payment Verified,2026-01-14 02:29:00
498,USR-2026-0128,DIRECTOR_ASSIGNED,USR-2026-0044,Director Assigned,2026-01-14 03:06:00
499,USR-2026-0127,PAYMENT_REJECTED,AR-2026-0063,Payment Rejected,2026-01-14 03:43:00
500,USR-2026-0083,COMPLAINT_RESOLVED,G3-0018,Complaint Resolved,2026-01-14 04:20:00
