homeowner_id,user_id,streak_count,current_star_count,current_badge_level,created_at,updated_at
OWN-2026-0001,USR-2026-0004,6,4,GOLD,2018-05-01,2026-01-01 00:00:00
OWN-2026-0002,USR-2026-0005,1,0,BRONZE,2019-12-29,2026-01-01 00:00:00
OWN-2026-0003,USR-2026-0006,10,5,EMERALD,2025-03-17,2026-01-01 00:00:00
OWN-2026-0004,USR-2026-0007,4,2,SILVER,2023-07-06,2026-01-01 00:00:00
OWN-2026-0005,USR-2026-0008,2,0,BRONZE,2019-10-03,2026-01-01 00:00:00
OWN-2026-0006,USR-2026-0009,8,4,GOLD,2018-11-10,2026-01-01 00:00:00
OWN-2026-0007,USR-2026-0010,4,2,SILVER,2022-07-30,2026-01-01 00:00:00
OWN-2026-0008,USR-2026-0011,11,5,EMERALD,2018-02-20,2026-01-01 00:00:00
OWN-2026-0009,USR-2026-0012,4,2,SILVER,2019-09-27,2026-01-01 00:00:00
OWN-2026-0010,USR-2026-0013,7,4,GOLD,2022-10-31,2026-01-01 00:00:00
OWN-2026-0011,USR-2026-0014,5,2,SILVER,2023-05-28,2026-01-01 00:00:00
OWN-2026-0012,USR-2026-0015,9,5,EMERALD,2025-06-08,2026-01-01 00:00:00
OWN-2026-0013,USR-2026-0016,5,2,SILVER,2026-05-06,2026-01-01 00:00:00
OWN-2026-0014,USR-2026-0017,10,5,EMERALD,2022-03-29,2026-01-01 00:00:00
OWN-2026-0015,USR-2026-0018,7,4,GOLD,2020-11-07,2026-01-01 00:00:00
OWN-2026-0016,USR-2026-0019,0,0,BRONZE,2023-08-13,2026-01-01 00:00:00
OWN-2026-0017,USR-2026-0020,10,5,EMERALD,2024-06-09,2026-01-01 00:00:00
OWN-2026-0018,USR-2026-0021,9,5,EMERALD,2024-04-11,2026-01-01 00:00:00
OWN-2026-0019,USR-2026-0022,7,4,GOLD,2026-03-04,2026-01-01 00:00:00
OWN-2026-0020,USR-2026-0023,9,5,EMERALD,2025-12-31,2026-01-01 00:00:00
OWN-2026-0021,USR-2026-0024,11,5,EMERALD,2018-07-31,2026-01-01 00:00:00
OWN-2026-0022,USR-2026-0025,4,2,SILVER,2022-01-15,2026-01-01 00:00:00
OWN-2026-0023,USR-2026-0026,2,0,BRONZE,2019-07-13,2026-01-01 00:00:00
OWN-2026-0024,USR-2026-0027,10,5,EMERALD,2023-11-27,2026-01-01 00:00:00
OWN-2026-0025,USR-2026-0028,4,2,SILVER,2025-07-06,2026-01-01 00:00:00
OWN-2026-0026,USR-2026-0029,11,5,EMERALD,2022-12-01,2026-01-01 00:00:00
OWN-2026-0027,USR-2026-0030,3,2,SILVER,2026-05-14,2026-01-01 00:00:00
OWN-2026-0028,USR-2026-0031,0,0,BRONZE,2022-12-01,2026-01-01 00:00:00
OWN-2026-0029,USR-2026-0032,0,0,BRONZE,2020-04-13,2026-01-01 00:00:00
OWN-2026-0030,USR-2026-0033,6,4,GOLD,2019-04-27,2026-01-01 00:00:00
OWN-2026-0031,USR-2026-0034,3,2,SILVER,2022-11-08,2026-01-01 00:00:00
OWN-2026-0032,USR-2026-0035,6,4,GOLD,2024-11-18,2026-01-01 00:00:00
OWN-2026-0033,USR-2026-0036,3,2,SILVER,2022-06-14,2026-01-01 00:00:00
OWN-2026-0034,USR-2026-0037,6,4,GOLD,2025-09-09,2026-01-01 00:00:00
OWN-2026-0035,USR-2026-0038,7,4,GOLD,2023-10-07,2026-01-01 00:00:00
OWN-2026-0036,USR-2026-0039,10,5,EMERALD,2025-06-27,2026-01-01 00:00:00
OWN-2026-0037,USR-2026-0040,0,0,BRONZE,2023-12-17,2026-01-01 00:00:00
OWN-2026-0038,USR-2026-0041,3,2,SILVER,2018-03-15,2026-01-01 00:00:00
OWN-2026-0039,USR-2026-0042,1,0,BRONZE,2020-06-13,2026-01-01 00:00:00
OWN-2026-0040,USR-2026-0043,5,2,SILVER,2026-04-02,2026-01-01 00:00:00
OWN-2026-0041,USR-2026-0044,8,4,GOLD,2020-09-27,2026-01-01 00:00:00
OWN-2026-0042,USR-2026-0045,3,2,SILVER,2021-09-21,2026-01-01 00:00:00
OWN-2026-0043,USR-2026-0046,2,0,BRONZE,2026-05-12,2026-01-01 00:00:00
OWN-2026-0044,USR-2026-0047,3,2,SILVER,2025-07-02,2026-01-01 00:00:00
OWN-2026-0045,USR-2026-0048,3,2,SILVER,2024-10-30,2026-01-01 00:00:00
OWN-2026-0046,USR-2026-0049,3,2,SILVER,2022-10-04,2026-01-01 00:00:00
OWN-2026-0047,USR-2026-0050,9,5,EMERALD,2020-12-19,2026-01-01 00:00:00
OWN-2026-0048,USR-2026-0051,1,0,BRONZE,2021-06-09,2026-01-01 00:00:00
OWN-2026-0049,USR-2026-0052,1,0,BRONZE,2022-12-16,2026-01-01 00:00:00
OWN-2026-0050,USR-2026-0053,8,4,GOLD,2021-04-11,2026-01-01 00:00:00
OWN-2026-0051,USR-2026-0054,11,5,EMERALD,2022-12-12,2026-01-01 00:00:00
OWN-2026-0052,USR-2026-0055,4,2,SILVER,2026-09-27,2026-01-01 00:00:00
OWN-2026-0053,USR-2026-0056,10,5,EMERALD,2025-05-29,2026-01-01 00:00:00
OWN-2026-0054,USR-2026-0057,4,2,SILVER,2022-05-06,2026-01-01 00:00:00
OWN-2026-0055,USR-2026-0058,10,5,EMERALD,2023-09-14,2026-01-01 00:00:00
OWN-2026-0056,USR-2026-0059,11,5,EMERALD,2024-12-19,2026-01-01 00:00:00
OWN-2026-0057,USR-2026-0060,10,5,EMERALD,2024-12-25,2026-01-01 00:00:00
OWN-2026-0058,USR-2026-0061,0,0,BRONZE,2021-07-25,2026-01-01 00:00:00
OWN-2026-0059,USR-2026-0062,6,4,GOLD,2025-03-05,2026-01-01 00:00:00
OWN-2026-0060,USR-2026-0063,7,4,GOLD,2018-02-12,2026-01-01 00:00:00
OWN-2026-0061,USR-2026-0064,2,0,BRONZE,2025-06-14,2026-01-01 00:00:00
OWN-2026-0062,USR-2026-0065,10,5,EMERALD,2025-07-09,2026-01-01 00:00:00
OWN-2026-0063,USR-2026-0066,9,5,EMERALD,2025-07-31,2026-01-01 00:00:00
OWN-2026-0064,USR-2026-0067,1,0,BRONZE,2022-12-19,2026-01-01 00:00:00
OWN-2026-0065,USR-2026-0068,11,5,EMERALD,2021-06-05,2026-01-01 00:00:00
OWN-2026-0066,USR-2026-0069,0,0,BRONZE,2024-04-27,2026-01-01 00:00:00
OWN-2026-0067,USR-2026-0070,8,4,GOLD,2026-03-20,2026-01-01 00:00:00
OWN-2026-0068,USR-2026-0071,7,4,GOLD,2024-04-03,2026-01-01 00:00:00
OWN-2026-0069,USR-2026-0072,10,5,EMERALD,2021-04-30,2026-01-01 00:00:00
OWN-2026-0070,USR-2026-0073,11,5,EMERALD,2024-12-08,2026-01-01 00:00:00
OWN-2026-0071,USR-2026-0074,11,5,EMERALD,2022-07-28,2026-01-01 00:00:00
OWN-2026-0072,USR-2026-0075,0,0,BRONZE,2023-09-06,2026-01-01 00:00:00
OWN-2026-0073,USR-2026-0076,9,5,EMERALD,2024-07-30,2026-01-01 00:00:00
OWN-2026-0074,USR-2026-0077,11,5,EMERALD,2020-09-16,2026-01-01 00:00:00
OWN-2026-0075,USR-2026-0078,3,2,SILVER,2021-09-07,2026-01-01 00:00:00
OWN-2026-0076,USR-2026-0079,10,5,EMERALD,2023-10-25,2026-01-01 00:00:00
OWN-2026-0077,USR-2026-0080,7,4,GOLD,2019-05-11,2026-01-01 00:00:00
OWN-2026-0078,USR-2026-0081,7,4,GOLD,2022-03-25,2026-01-01 00:00:00
OWN-2026-0079,USR-2026-0082,3,2,SILVER,2022-03-17,2026-01-01 00:00:00
OWN-2026-0080,USR-2026-0083,5,2,SILVER,2021-07-06,2026-01-01 00:00:00
OWN-2026-0081,USR-2026-0084,9,5,EMERALD,2024-07-11,2026-01-01 00:00:00
OWN-2026-0082,USR-2026-0085,9,5,EMERALD,2026-04-09,2026-01-01 00:00:00
OWN-2026-0083,USR-2026-0086,0,0,BRONZE,2021-12-17,2026-01-01 00:00:00
OWN-2026-0084,USR-2026-0087,4,2,SILVER,2026-11-22,2026-01-01 00:00:00
OWN-2026-0085,USR-2026-0088,3,2,SILVER,2026-01-16,2026-01-01 00:00:00
OWN-2026-0086,USR-2026-0089,9,5,EMERALD,2026-05-07,2026-01-01 00:00:00
OWN-2026-0087,USR-2026-0090,8,4,GOLD,2022-02-01,2026-01-01 00:00:00
OWN-2026-0088,USR-2026-0091,10,5,EMERALD,2018-08-24,2026-01-01 00:00:00
OWN-2026-0089,USR-2026-0092,7,4,GOLD,2021-11-26,2026-01-01 00:00:00
OWN-2026-0090,USR-2026-0093,2,0,BRONZE,2025-11-16,2026-01-01 00:00:00
OWN-2026-0091,USR-2026-0094,7,4,GOLD,2026-05-27,2026-01-01 00:00:00
OWN-2026-0092,USR-2026-0095,4,2,SILVER,2025-03-08,2026-01-01 00:00:00
OWN-2026-0093,USR-2026-0096,10,5,EMERALD,2024-04-06,2026-01-01 00:00:00
OWN-2026-0094,USR-2026-0097,7,4,GOLD,2018-07-03,2026-01-01 00:00:00
OWN-2026-0095,USR-2026-0098,7,4,GOLD,2018-04-29,2026-01-01 00:00:00
OWN-2026-0096,USR-2026-0099,2,0,BRONZE,2025-11-30,2026-01-01 00:00:00
OWN-2026-0097,USR-2026-0100,0,0,BRONZE,2018-01-27,2026-01-01 00:00:00
OWN-2026-0098,USR-2026-0101,0,0,BRONZE,2021-09-26,2026-01-01 00:00:00
OWN-2026-0099,USR-2026-0102,7,4,GOLD,2022-03-17,2026-01-01 00:00:00
OWN-2026-0100,USR-2026-0103,1,0,BRONZE,2023-03-07,2026-01-01 00:00:00
OWN-2026-0101,USR-2026-0104,5,2,SILVER,2026-03-26,2026-01-01 00:00:00
OWN-2026-0102,USR-2026-0105,5,2,SILVER,2022-12-09,2026-01-01 00:00:00
OWN-2026-0103,USR-2026-0106,0,0,BRONZE,2026-12-07,2026-01-01 00:00:00
OWN-2026-0104,USR-2026-0107,9,5,EMERALD,2019-03-10,2026-01-01 00:00:00
OWN-2026-0105,USR-2026-0108,7,4,GOLD,2025-06-03,2026-01-01 00:00:00
OWN-2026-0106,USR-2026-0109,7,4,GOLD,2018-04-03,2026-01-01 00:00:00
OWN-2026-0107,USR-2026-0110,5,2,SILVER,2018-06-15,2026-01-01 00:00:00
OWN-2026-0108,USR-2026-0111,11,5,EMERALD,2019-05-12,2026-01-01 00:00:00
OWN-2026-0109,USR-2026-0112,7,4,GOLD,2021-12-08,2026-01-01 00:00:00
OWN-2026-0110,USR-2026-0113,5,2,SILVER,2018-06-23,2026-01-01 00:00:00
OWN-2026-0111,USR-2026-0114,7,4,GOLD,2021-05-23,2026-01-01 00:00:00
OWN-2026-0112,USR-2026-0115,2,0,BRONZE,2019-04-08,2026-01-01 00:00:00
OWN-2026-0113,USR-2026-0116,5,2,SILVER,2023-01-11,2026-01-01 00:00:00
OWN-2026-0114,USR-2026-0117,2,0,BRONZE,2021-07-02,2026-01-01 00:00:00
OWN-2026-0115,USR-2026-0118,11,5,EMERALD,2018-02-03,2026-01-01 00:00:00
OWN-2026-0116,USR-2026-0119,0,0,BRONZE,2021-02-01,2026-01-01 00:00:00
OWN-2026-0117,USR-2026-0120,9,5,EMERALD,2020-12-28,2026-01-01 00:00:00
OWN-2026-0118,USR-2026-0121,8,4,GOLD,2025-04-07,2026-01-01 00:00:00
OWN-2026-0119,USR-2026-0122,8,4,GOLD,2025-09-12,2026-01-01 00:00:00
OWN-2026-0120,USR-2026-0123,6,4,GOLD,2021-05-21,2026-01-01 00:00:00
OWN-2026-0121,USR-2026-0124,1,0,BRONZE,2024-01-11,2026-01-01 00:00:00
OWN-2026-0122,USR-2026-0125,1,0,BRONZE,2025-01-17,2026-01-01 00:00:00
OWN-2026-0123,USR-2026-0126,9,5,EMERALD,2025-11-02,2026-01-01 00:00:00
OWN-2026-0124,USR-2026-0127,6,4,GOLD,2024-02-18,2026-01-01 00:00:00
OWN-2026-0125,USR-2026-0128,4,2,SILVER,2023-08-05,2026-01-01 00:00:00
OWN-2026-0126,USR-2026-0129,7,4,GOLD,2021-12-18,2026-01-01 00:00:00
OWN-2026-0127,USR-2026-0130,3,2,SILVER,2025-03-29,2026-01-01 00:00:00
OWN-2026-0128,USR-2026-0131,10,5,EMERALD,2022-10-30,2026-01-01 00:00:00
OWN-2026-0129,USR-2026-0132,3,2,SILVER,2020-07-29,2026-01-01 00:00:00
OWN-2026-0130,USR-2026-0133,6,4,GOLD,2025-07-29,2026-01-01 00:00:00
OWN-2026-0131,USR-2026-0134,11,5,EMERALD,2026-07-25,2026-01-01 00:00:00
OWN-2026-0132,USR-2026-0135,11,5,EMERALD,2023-02-22,2026-01-01 00:00:00
OWN-2026-0133,USR-2026-0136,11,5,EMERALD,2019-03-12,2026-01-01 00:00:00
OWN-2026-0134,USR-2026-0137,4,2,SILVER,2021-10-15,2026-01-01 00:00:00
OWN-2026-0135,USR-2026-0138,10,5,EMERALD,2020-07-20,2026-01-01 00:00:00
OWN-2026-0136,USR-2026-0139,3,2,SILVER,2024-07-05,2026-01-01 00:00:00
OWN-2026-0137,USR-2026-0140,10,5,EMERALD,2021-02-20,2026-01-01 00:00:00
OWN-2026-0138,USR-2026-0141,3,2,SILVER,2024-09-05,2026-01-01 00:00:00
OWN-2026-0139,USR-2026-0142,9,5,EMERALD,2024-04-12,2026-01-01 00:00:00
OWN-2026-0140,USR-2026-0143,0,0,BRONZE,2020-01-06,2026-01-01 00:00:00
OWN-2026-0141,USR-2026-0144,4,2,SILVER,2021-11-16,2026-01-01 00:00:00
OWN-2026-0142,USR-2026-0145,0,0,BRONZE,2024-04-25,2026-01-01 00:00:00
OWN-2026-0143,USR-2026-0146,6,4,GOLD,2019-05-08,2026-01-01 00:00:00
OWN-2026-0144,USR-2026-0147,2,0,BRONZE,2022-04-21,2026-01-01 00:00:00
OWN-2026-0145,USR-2026-0148,5,2,SILVER,2023-09-05,2026-01-01 00:00:00
OWN-2026-0146,USR-2026-0149,7,4,GOLD,2026-03-15,2026-01-01 00:00:00
OWN-2026-0147,USR-2026-0150,8,4,GOLD,2018-10-14,2026-01-01 00:00:00
OWN-2026-0148,USR-2026-0151,0,0,BRONZE,2018-06-13,2026-01-01 00:00:00
