transaction_id,billing_id,zone_id,amount,payment_category,production_share,hoa_share,collector_incentive,payment_method,payment_status,payment_proof,processed_by,transaction_date,user_id,reference_no
AR-2026-00001,BIL-2026-00008,Z-3,200,MONTHLY_DUES,,180,20,DIGITAL,VERIFIED,proofs/TRX-00001.jpg,COL-2026-0001,2026-01-28 12:15:00,USR-2026-0005,2.15E+11
AR-2026-00002,BIL-2026-00009,Z-3,200,MONTHLY_DUES,,180,20,DIGITAL,VERIFIED,proofs/TRX-00002.jpg,COL-2026-0001,2026-02-28 17:30:00,USR-2026-0005,3.37E+11
AR-2026-00003,BIL-2026-00010,Z-3,200,MONTHLY_DUES,,180,20,DIGITAL,VERIFIED,proofs/TRX-00003.jpg,COL-2026-0001,2026-03-13 16:15:00,USR-2026-0005,7.00E+11
AR-2026-00004,BIL-2026-00011,Z-3,200,MONTHLY_DUES,,180,20,CASH,VERIFIED,,COL-2026-0001,2026-04-16 17:20:00,USR-2026-0005,9.33E+11
AR-2026-00005,BIL-2026-00012,Z-3,200,MONTHLY_DUES,,180,20,DIGITAL,VERIFIED,proofs/TRX-00005.jpg,COL-2026-0001,2026-05-31 13:20:00,USR-2026-0005,9.42E+11
AR-2026-00006,BIL-2026-00013,Z-3,200,MONTHLY_DUES,,180,20,DIGITAL,VERIFIED,proofs/TRX-00006.jpg,COL-2026-0001,2026-06-13 14:05:00,USR-2026-0005,7.63E+11
AR-2026-00007,BIL-2026-00014,Z-3,200,MONTHLY_DUES,,180,20,DIGITAL,VERIFIED,proofs/TRX-00007.jpg,COL-2026-0001,2026-07-13 15:40:00,USR-2026-0005,5.16E+11
AR-2026-00008,BIL-2026-00015,Z-3,200,MONTHLY_DUES,,180,20,DIGITAL,VERIFIED,proofs/TRX-00008.jpg,COL-2026-0001,2026-01-05 17:25:00,USR-2026-0006,1.76E+11
AR-2026-00009,BIL-2026-00016,Z-3,200,MONTHLY_DUES,,180,20,CASH,VERIFIED,,COL-2026-0001,2026-02-04 12:05:00,USR-2026-0006,2.11E+11
AR-2026-00010,BIL-2026-00017,Z-3,200,MONTHLY_DUES,,180,20,DIGITAL,VERIFIED,proofs/TRX-00010.jpg,COL-2026-0001,2026-03-16 13:10:00,USR-2026-0006,8.35E+11
AR-2026-00011,BIL-2026-00018,Z-3,200,MONTHLY_DUES,,180,20,DIGITAL,VERIFIED,proofs/TRX-00011.jpg,COL-2026-0001,2026-04-13 17:50:00,USR-2026-0006,3.69E+11
AR-2026-00012,BIL-2026-00019,Z-3,200,MONTHLY_DUES,,180,20,DIGITAL,VERIFIED,proofs/TRX-00012.jpg,COL-2026-0001,2026-05-16 12:50:00,USR-2026-0006,8.53E+11
AR-2026-00013,BIL-2026-00020,Z-3,200,MONTHLY_DUES,,180,20,CASH,VERIFIED,,COL-2026-0001,2026-06-13 11:00:00,USR-2026-0006,3.94E+11
AR-2026-00014,BIL-2026-00021,Z-3,200,MONTHLY_DUES,,180,20,DIGITAL,VERIFIED,proofs/TRX-00014.jpg,COL-2026-0001,2026-07-10 13:15:00,USR-2026-0006,8.08E+11
AR-2026-00015,BIL-2026-00022,Z-3,200,MONTHLY_DUES,,180,20,DIGITAL,VERIFIED,proofs/TRX-00015.jpg,COL-2026-0001,2026-01-15 10:15:00,USR-2026-0007,3.90E+11
AR-2026-00016,BIL-2026-00023,Z-3,200,MONTHLY_DUES,,180,20,DIGITAL,VERIFIED,proofs/TRX-00016.jpg,COL-2026-0001,2026-02-28 17:30:00,USR-2026-0007,6.59E+11
AR-2026-00017,BIL-2026-00024,Z-3,200,MONTHLY_DUES,,180,20,DIGITAL,VERIFIED,proofs/TRX-00017.jpg,COL-2026-0001,2026-03-13 09:10:00,USR-2026-0007,8.51E+11
AR-2026-00018,BIL-2026-00025,Z-3,200,MONTHLY_DUES,,180,20,DIGITAL,VERIFIED,proofs/TRX-00018.jpg,COL-2026-0001,2026-04-13 14:30:00,USR-2026-0007,6.82E+11
AR-2026-00019,BIL-2026-00026,Z-3,200,MONTHLY_DUES,,180,20,CASH,VERIFIED,,COL-2026-0001,2026-05-13 09:50:00,USR-2026-0007,3.95E+11
AR-2026-00020,BIL-2026-00027,Z-3,200,MONTHLY_DUES,,180,20,DIGITAL,VERIFIED,proofs/TRX-00020.jpg,COL-2026-0001,2026-06-29 09:20:00,USR-2026-0007,1.02E+11
AR-2026-00021,BIL-2026-00028,Z-3,200,MONTHLY_DUES,,180,20,DIGITAL,VERIFIED,proofs/TRX-00021.jpg,COL-2026-0001,2026-07-30 16:10:00,USR-2026-0007,4.29E+11
AR-2026-00022,BIL-2026-00029,Z-3,200,MONTHLY_DUES,,180,20,CASH,VERIFIED,,COL-2026-0001,2026-01-29 10:25:00,USR-2026-0008,7.57E+11
AR-2026-00023,BIL-2026-00030,Z-3,200,MONTHLY_DUES,,180,20,CASH,VERIFIED,,COL-2026-0001,2026-02-13 09:25:00,USR-2026-0008,9.88E+11
AR-2026-00024,BIL-2026-00031,Z-3,200,MONTHLY_DUES,,180,20,CASH,VERIFIED,,COL-2026-0001,2026-03-13 11:45:00,USR-2026-0008,9.04E+11
AR-2026-00025,BIL-2026-00032,Z-3,200,MONTHLY_DUES,,180,20,DIGITAL,VERIFIED,proofs/TRX-00025.jpg,COL-2026-0001,2026-04-13 16:10:00,USR-2026-0008,2.83E+11
AR-2026-00026,BIL-2026-00033,Z-3,200,MONTHLY_DUES,,180,20,CASH,VERIFIED,,COL-2026-0001,2026-05-16 11:40:00,USR-2026-0008,3.22E+11
AR-2026-00027,BIL-2026-00034,Z-3,200,MONTHLY_DUES,,180,20,CASH,VERIFIED,,COL-2026-0001,2026-06-29 13:35:00,USR-2026-0008,2.31E+11
AR-2026-00028,BIL-2026-00035,Z-3,200,MONTHLY_DUES,,180,20,DIGITAL,VERIFIED,proofs/TRX-00028.jpg,COL-2026-0001,2026-07-13 13:00:00,USR-2026-0008,7.45E+11
AR-2026-00029,BIL-2026-00036,Z-3,200,MONTHLY_DUES,,180,20,DIGITAL,VERIFIED,proofs/TRX-00029.jpg,COL-2026-0001,2026-01-13 08:15:00,USR-2026-0009,1.79E+11
AR-2026-00030,BIL-2026-00037,Z-3,200,MONTHLY_DUES,,180,20,DIGITAL,VERIFIED,proofs/TRX-00030.jpg,COL-2026-0001,2026-02-15 15:15:00,USR-2026-0009,7.31E+11
AR-2026-00031,BIL-2026-00043,Z-3,200,MONTHLY_DUES,,180,20,DIGITAL,VERIFIED,proofs/TRX-00031.jpg,COL-2026-0001,2026-01-14 15:30:00,USR-2026-0010,8.22E+11
AR-2026-00032,BIL-2026-00044,Z-3,200,MONTHLY_DUES,,180,20,CASH,VERIFIED,,COL-2026-0001,2026-02-16 14:35:00,USR-2026-0010,8.39E+11
AR-2026-00033,BIL-2026-00045,Z-3,200,MONTHLY_DUES,,180,20,DIGITAL,PENDING,proofs/TRX-00033.jpg,,2026-03-28 08:30:00,USR-2026-0010,3.71E+11
AR-2026-00034,BIL-2026-00064,Z-3,200,MONTHLY_DUES,,180,20,DIGITAL,VERIFIED,proofs/TRX-00034.jpg,COL-2026-0001,2026-01-16 10:30:00,USR-2026-0013,3.73E+11
AR-2026-00035,BIL-2026-00065,Z-3,200,MONTHLY_DUES,,180,20,DIGITAL,VERIFIED,proofs/TRX-00035.jpg,COL-2026-0001,2026-02-28 15:40:00,USR-2026-0013,2.81E+11
AR-2026-00036,BIL-2026-00066,Z-3,200,MONTHLY_DUES,,180,20,CASH,VERIFIED,,COL-2026-0001,2026-03-16 11:30:00,USR-2026-0013,5.17E+11
AR-2026-00037,BIL-2026-00067,Z-3,200,MONTHLY_DUES,,180,20,DIGITAL,VERIFIED,proofs/TRX-00037.jpg,COL-2026-0001,2026-04-07 12:35:00,USR-2026-0013,7.13E+11
AR-2026-00038,BIL-2026-00071,Z-3,200,MONTHLY_DUES,,180,20,DIGITAL,VERIFIED,proofs/TRX-00038.jpg,COL-2026-0001,2026-01-31 10:15:00,USR-2026-0014,1.64E+11
AR-2026-00039,BIL-2026-00072,Z-3,200,MONTHLY_DUES,,180,20,DIGITAL,VERIFIED,proofs/TRX-00039.jpg,COL-2026-0001,2026-02-13 13:00:00,USR-2026-0014,6.52E+11
AR-2026-00040,BIL-2026-00085,Z-3,200,MONTHLY_DUES,,180,20,DIGITAL,VERIFIED,proofs/TRX-00040.jpg,COL-2026-0001,2026-01-29 08:40:00,USR-2026-0016,1.74E+11
AR-2026-00041,BIL-2026-00086,Z-3,200,MONTHLY_DUES,,180,20,CASH,VERIFIED,,COL-2026-0001,2026-02-14 14:05:00,USR-2026-0016,3.73E+11
AR-2026-00042,BIL-2026-00087,Z-3,200,MONTHLY_DUES,,180,20,DIGITAL,VERIFIED,proofs/TRX-00042.jpg,COL-2026-0001,2026-03-13 17:05:00,USR-2026-0016,7.21E+11
AR-2026-00043,BIL-2026-00099,Z-3,200,MONTHLY_DUES,,180,20,DIGITAL,VERIFIED,proofs/TRX-00043.jpg,COL-2026-0001,2026-01-15 11:50:00,USR-2026-0018,3.89E+11
AR-2026-00044,BIL-2026-00100,Z-3,200,MONTHLY_DUES,,180,20,CASH,VERIFIED,,COL-2026-0001,2026-02-15 15:25:00,USR-2026-0018,1.81E+11
AR-2026-00045,BIL-2026-00101,Z-3,200,MONTHLY_DUES,,180,20,DIGITAL,VERIFIED,proofs/TRX-00045.jpg,COL-2026-0001,2026-03-10 17:05:00,USR-2026-0018,6.55E+11
AR-2026-00046,BIL-2026-00102,Z-3,200,MONTHLY_DUES,,180,20,DIGITAL,VERIFIED,proofs/TRX-00046.jpg,COL-2026-0001,2026-04-15 09:15:00,USR-2026-0018,5.82E+11
AR-2026-00047,BIL-2026-00103,Z-3,200,MONTHLY_DUES,,180,20,DIGITAL,VERIFIED,proofs/TRX-00047.jpg,COL-2026-0001,2026-05-30 17:50:00,USR-2026-0018,4.29E+11
AR-2026-00048,BIL-2026-00104,Z-3,200,MONTHLY_DUES,,180,20,DIGITAL,VERIFIED,proofs/TRX-00048.jpg,COL-2026-0001,2026-06-28 10:20:00,USR-2026-0018,9.17E+11
AR-2026-00049,BIL-2026-00105,Z-3,200,MONTHLY_DUES,,180,20,DIGITAL,VERIFIED,proofs/TRX-00049.jpg,COL-2026-0001,2026-07-15 12:45:00,USR-2026-0018,3.25E+11
AR-2026-00050,BIL-2026-00106,Z-3,200,MONTHLY_DUES,,180,20,DIGITAL,VERIFIED,proofs/TRX-00050.jpg,COL-2026-0001,2026-01-30 16:35:00,USR-2026-0019,1.99E+11
AR-2026-00051,BIL-2026-00107,Z-3,200,MONTHLY_DUES,,180,20,DIGITAL,VERIFIED,proofs/TRX-00051.jpg,COL-2026-0001,2026-02-28 08:00:00,USR-2026-0019,8.01E+11
AR-2026-00052,BIL-2026-00108,Z-3,200,MONTHLY_DUES,,180,20,DIGITAL,VERIFIED,proofs/TRX-00052.jpg,COL-2026-0001,2026-03-29 15:40:00,USR-2026-0019,1.11E+11
AR-2026-00053,BIL-2026-00109,Z-3,200,MONTHLY_DUES,,180,20,CASH,VERIFIED,,COL-2026-0001,2026-04-03 16:00:00,USR-2026-0019,7.08E+11
AR-2026-00054,BIL-2026-00113,Z-3,200,MONTHLY_DUES,,180,20,DIGITAL,VERIFIED,proofs/TRX-00054.jpg,COL-2026-0001,2026-01-03 08:20:00,USR-2026-0020,9.76E+11
AR-2026-00055,BIL-2026-00114,Z-3,200,MONTHLY_DUES,,180,20,DIGITAL,VERIFIED,proofs/TRX-00055.jpg,COL-2026-0001,2026-02-28 13:15:00,USR-2026-0020,2.15E+11
AR-2026-00056,BIL-2026-00115,Z-3,200,MONTHLY_DUES,,180,20,DIGITAL,VERIFIED,proofs/TRX-00056.jpg,COL-2026-0001,2026-03-16 17:55:00,USR-2026-0020,3.62E+11
AR-2026-00057,BIL-2026-00116,Z-3,200,MONTHLY_DUES,,180,20,DIGITAL,VERIFIED,proofs/TRX-00057.jpg,COL-2026-0001,2026-04-28 14:00:00,USR-2026-0020,4.69E+11
AR-2026-00058,BIL-2026-00117,Z-3,200,MONTHLY_DUES,,180,20,DIGITAL,VERIFIED,proofs/TRX-00058.jpg,COL-2026-0001,2026-05-31 11:20:00,USR-2026-0020,2.19E+11
AR-2026-00059,BIL-2026-00118,Z-3,200,MONTHLY_DUES,,180,20,DIGITAL,VERIFIED,proofs/TRX-00059.jpg,COL-2026-0001,2026-06-13 15:15:00,USR-2026-0020,6.06E+11
AR-2026-00060,BIL-2026-00119,Z-3,200,MONTHLY_DUES,,180,20,DIGITAL,VERIFIED,proofs/TRX-00060.jpg,COL-2026-0001,2026-07-14 11:00:00,USR-2026-0020,4.62E+11
AR-2026-00061,BIL-2026-00120,Z-3,200,MONTHLY_DUES,,180,20,DIGITAL,VERIFIED,proofs/TRX-00061.jpg,COL-2026-0001,2026-01-13 12:25:00,USR-2026-0021,8.45E+11
AR-2026-00062,BIL-2026-00121,Z-3,200,MONTHLY_DUES,,180,20,CASH,VERIFIED,,COL-2026-0001,2026-02-28 08:05:00,USR-2026-0021,2.94E+11
AR-2026-00063,BIL-2026-00122,Z-3,200,MONTHLY_DUES,,180,20,DIGITAL,VERIFIED,proofs/TRX-00063.jpg,COL-2026-0001,2026-03-15 08:05:00,USR-2026-0021,9.00E+11
AR-2026-00064,BIL-2026-00123,Z-3,200,MONTHLY_DUES,,180,20,DIGITAL,VERIFIED,proofs/TRX-00064.jpg,COL-2026-0001,2026-04-29 17:40:00,USR-2026-0021,7.35E+11
AR-2026-00065,BIL-2026-00124,Z-3,200,MONTHLY_DUES,,180,20,DIGITAL,VERIFIED,proofs/TRX-00065.jpg,COL-2026-0001,2026-05-13 14:00:00,USR-2026-0021,6.92E+11
AR-2026-00066,BIL-2026-00125,Z-3,200,MONTHLY_DUES,,180,20,DIGITAL,VERIFIED,proofs/TRX-00066.jpg,COL-2026-0001,2026-06-30 11:25:00,USR-2026-0021,8.34E+11
AR-2026-00067,BIL-2026-00126,Z-3,200,MONTHLY_DUES,,180,20,CASH,VERIFIED,,COL-2026-0001,2026-07-30 09:55:00,USR-2026-0021,4.41E+11
AR-2026-00068,BIL-2026-00127,Z-3,200,MONTHLY_DUES,,180,20,DIGITAL,VERIFIED,proofs/TRX-00068.jpg,COL-2026-0001,2026-01-30 14:55:00,USR-2026-0022,3.11E+11
AR-2026-00069,BIL-2026-00128,Z-3,200,MONTHLY_DUES,,180,20,DIGITAL,VERIFIED,proofs/TRX-00069.jpg,COL-2026-0001,2026-02-16 10:45:00,USR-2026-0022,7.03E+11
AR-2026-00070,BIL-2026-00129,Z-3,200,MONTHLY_DUES,,180,20,DIGITAL,VERIFIED,proofs/TRX-00070.jpg,COL-2026-0001,2026-03-30 12:15:00,USR-2026-0022,7.68E+11
AR-2026-00071,BIL-2026-00130,Z-3,200,MONTHLY_DUES,,180,20,DIGITAL,VERIFIED,proofs/TRX-00071.jpg,COL-2026-0001,2026-04-29 15:35:00,USR-2026-0022,6.22E+11
AR-2026-00072,BIL-2026-00131,Z-3,200,MONTHLY_DUES,,180,20,DIGITAL,VERIFIED,proofs/TRX-00072.jpg,COL-2026-0001,2026-05-29 09:20:00,USR-2026-0022,7.81E+11
AR-2026-00073,BIL-2026-00132,Z-3,200,MONTHLY_DUES,,180,20,CASH,VERIFIED,,COL-2026-0001,2026-06-14 12:15:00,USR-2026-0022,1.26E+11
AR-2026-00074,BIL-2026-00133,Z-3,200,MONTHLY_DUES,,180,20,DIGITAL,VERIFIED,proofs/TRX-00074.jpg,COL-2026-0001,2026-07-08 17:05:00,USR-2026-0022,7.95E+11
AR-2026-00075,BIL-2026-00148,Z-3,200,MONTHLY_DUES,,180,20,DIGITAL,VERIFIED,proofs/TRX-00075.jpg,COL-2026-0001,2026-01-16 15:30:00,USR-2026-0025,8.59E+11
AR-2026-00076,BIL-2026-00149,Z-3,200,MONTHLY_DUES,,180,20,DIGITAL,VERIFIED,proofs/TRX-00076.jpg,COL-2026-0001,2026-02-02 14:15:00,USR-2026-0025,8.69E+11
AR-2026-00077,BIL-2026-00169,Z-3,200,MONTHLY_DUES,,180,20,CASH,VERIFIED,,COL-2026-0001,2026-01-13 16:15:00,USR-2026-0028,5.99E+11
AR-2026-00078,BIL-2026-00170,Z-3,200,MONTHLY_DUES,,180,20,DIGITAL,VERIFIED,proofs/TRX-00078.jpg,COL-2026-0001,2026-02-08 16:40:00,USR-2026-0028,9.33E+11
AR-2026-00079,BIL-2026-00171,Z-3,200,MONTHLY_DUES,,180,20,CASH,VERIFIED,,COL-2026-0001,2026-03-31 16:35:00,USR-2026-0028,5.96E+11
AR-2026-00080,BIL-2026-00176,Z-3,200,MONTHLY_DUES,,180,20,DIGITAL,VERIFIED,proofs/TRX-00080.jpg,COL-2026-0001,2026-01-14 12:40:00,USR-2026-0029,4.02E+11
AR-2026-00081,BIL-2026-00177,Z-3,200,MONTHLY_DUES,,180,20,DIGITAL,VERIFIED,proofs/TRX-00081.jpg,COL-2026-0001,2026-02-15 11:20:00,USR-2026-0029,6.97E+11
AR-2026-00082,BIL-2026-00178,Z-3,200,MONTHLY_DUES,,180,20,DIGITAL,VERIFIED,proofs/TRX-00082.jpg,COL-2026-0001,2026-03-03 11:30:00,USR-2026-0029,3.35E+11
AR-2026-00083,BIL-2026-00179,Z-3,200,MONTHLY_DUES,,180,20,DIGITAL,VERIFIED,proofs/TRX-00083.jpg,COL-2026-0001,2026-04-07 13:40:00,USR-2026-0029,3.24E+11
AR-2026-00084,BIL-2026-00180,Z-3,200,MONTHLY_DUES,,180,20,DIGITAL,VERIFIED,proofs/TRX-00084.jpg,COL-2026-0001,2026-05-31 17:55:00,USR-2026-0029,9.41E+11
AR-2026-00085,BIL-2026-00181,Z-3,200,MONTHLY_DUES,,180,20,DIGITAL,VERIFIED,proofs/TRX-00085.jpg,COL-2026-0001,2026-06-16 08:25:00,USR-2026-0029,5.63E+11
AR-2026-00086,BIL-2026-00182,Z-3,200,MONTHLY_DUES,,180,20,DIGITAL,VERIFIED,proofs/TRX-00086.jpg,COL-2026-0001,2026-07-14 15:15:00,USR-2026-0029,1.32E+11
AR-2026-00087,BIL-2026-00183,Z-3,200,MONTHLY_DUES,,180,20,CASH,VERIFIED,,COL-2026-0001,2026-01-16 10:35:00,USR-2026-0030,7.87E+11
AR-2026-00088,BIL-2026-00184,Z-3,200,MONTHLY_DUES,,180,20,DIGITAL,VERIFIED,proofs/TRX-00088.jpg,COL-2026-0001,2026-02-16 17:45:00,USR-2026-0030,8.05E+11
AR-2026-00089,BIL-2026-00185,Z-3,200,MONTHLY_DUES,,180,20,DIGITAL,PENDING,proofs/TRX-00089.jpg,,2026-03-16 10:00:00,USR-2026-0030,3.33E+11
AR-2026-00090,BIL-2026-00197,Z-3,200,MONTHLY_DUES,,180,20,CASH,VERIFIED,,COL-2026-0001,2026-01-15 14:20:00,USR-2026-0032,5.63E+11
AR-2026-00091,BIL-2026-00198,Z-3,200,MONTHLY_DUES,,180,20,DIGITAL,VERIFIED,proofs/TRX-00091.jpg,COL-2026-0001,2026-02-13 15:00:00,USR-2026-0032,4.86E+11
AR-2026-00092,BIL-2026-00199,Z-3,200,MONTHLY_DUES,,180,20,CASH,PENDING,,,2026-03-13 08:00:00,USR-2026-0032,7.83E+11
AR-2026-00093,BIL-2026-00204,Z-3,200,MONTHLY_DUES,,180,20,DIGITAL,VERIFIED,proofs/TRX-00093.jpg,COL-2026-0001,2026-01-14 15:50:00,USR-2026-0033,3.40E+11
AR-2026-00094,BIL-2026-00205,Z-3,200,MONTHLY_DUES,,180,20,DIGITAL,VERIFIED,proofs/TRX-00094.jpg,COL-2026-0001,2026-02-15 13:10:00,USR-2026-0033,9.24E+11
AR-2026-00095,BIL-2026-00206,Z-3,200,MONTHLY_DUES,,180,20,DIGITAL,VERIFIED,proofs/TRX-00095.jpg,COL-2026-0001,2026-03-29 12:05:00,USR-2026-0033,4.43E+11
AR-2026-00096,BIL-2026-00207,Z-3,200,MONTHLY_DUES,,180,20,DIGITAL,VERIFIED,proofs/TRX-00096.jpg,COL-2026-0001,2026-04-16 14:55:00,USR-2026-0033,8.58E+11
AR-2026-00097,BIL-2026-00211,Z-3,200,MONTHLY_DUES,,180,20,CASH,VERIFIED,,COL-2026-0001,2026-01-29 09:55:00,USR-2026-0034,8.55E+11
AR-2026-00098,BIL-2026-00212,Z-3,200,MONTHLY_DUES,,180,20,DIGITAL,VERIFIED,proofs/TRX-00098.jpg,COL-2026-0001,2026-02-28 17:00:00,USR-2026-0034,8.28E+11
AR-2026-00099,BIL-2026-00213,Z-3,200,MONTHLY_DUES,,180,20,CASH,VERIFIED,,COL-2026-0001,2026-03-15 08:30:00,USR-2026-0034,5.73E+11
AR-2026-00100,BIL-2026-00214,Z-3,200,MONTHLY_DUES,,180,20,DIGITAL,VERIFIED,proofs/TRX-00100.jpg,COL-2026-0001,2026-04-30 15:55:00,USR-2026-0034,9.04E+11
AR-2026-00101,BIL-2026-00215,Z-3,200,MONTHLY_DUES,,180,20,CASH,VERIFIED,,COL-2026-0001,2026-05-15 17:40:00,USR-2026-0034,5.79E+11
AR-2026-00102,BIL-2026-00216,Z-3,200,MONTHLY_DUES,,180,20,CASH,VERIFIED,,COL-2026-0001,2026-06-30 12:25:00,USR-2026-0034,4.05E+11
AR-2026-00103,BIL-2026-00217,Z-3,200,MONTHLY_DUES,,180,20,DIGITAL,VERIFIED,proofs/TRX-00103.jpg,COL-2026-0001,2026-07-29 15:45:00,USR-2026-0034,4.71E+11
AR-2026-00104,BIL-2026-00218,Z-3,200,MONTHLY_DUES,,180,20,DIGITAL,VERIFIED,proofs/TRX-00104.jpg,COL-2026-0001,2026-01-06 10:35:00,USR-2026-0035,3.87E+11
AR-2026-00105,BIL-2026-00219,Z-3,200,MONTHLY_DUES,,180,20,DIGITAL,VERIFIED,proofs/TRX-00105.jpg,COL-2026-0001,2026-02-15 16:00:00,USR-2026-0035,1.91E+11
AR-2026-00106,BIL-2026-00225,Z-3,200,MONTHLY_DUES,,180,20,CASH,VERIFIED,,COL-2026-0001,2026-01-16 15:40:00,USR-2026-0036,6.23E+11
AR-2026-00107,BIL-2026-00226,Z-3,200,MONTHLY_DUES,,180,20,DIGITAL,VERIFIED,proofs/TRX-00107.jpg,COL-2026-0001,2026-02-28 15:00:00,USR-2026-0036,5.43E+11
AR-2026-00108,BIL-2026-00227,Z-3,200,MONTHLY_DUES,,180,20,DIGITAL,VERIFIED,proofs/TRX-00108.jpg,COL-2026-0001,2026-03-30 17:25:00,USR-2026-0036,4.80E+11
AR-2026-00109,BIL-2026-00228,Z-3,200,MONTHLY_DUES,,180,20,DIGITAL,VERIFIED,proofs/TRX-00109.jpg,COL-2026-0001,2026-04-15 13:55:00,USR-2026-0036,3.76E+11
AR-2026-00110,BIL-2026-00229,Z-3,200,MONTHLY_DUES,,180,20,DIGITAL,VERIFIED,proofs/TRX-00110.jpg,COL-2026-0001,2026-05-14 13:05:00,USR-2026-0036,9.42E+11
AR-2026-00111,BIL-2026-00230,Z-3,200,MONTHLY_DUES,,180,20,DIGITAL,VERIFIED,proofs/TRX-00111.jpg,COL-2026-0001,2026-06-28 11:55:00,USR-2026-0036,7.47E+11
AR-2026-00112,BIL-2026-00231,Z-3,200,MONTHLY_DUES,,180,20,DIGITAL,VERIFIED,proofs/TRX-00112.jpg,COL-2026-0001,2026-07-30 09:15:00,USR-2026-0036,2.95E+11
AR-2026-00113,BIL-2026-00232,Z-3,200,MONTHLY_DUES,,180,20,CASH,VERIFIED,,COL-2026-0001,2026-01-14 12:00:00,USR-2026-0037,4.20E+11
AR-2026-00114,BIL-2026-00233,Z-3,200,MONTHLY_DUES,,180,20,CASH,VERIFIED,,COL-2026-0001,2026-02-28 15:05:00,USR-2026-0037,4.12E+11
AR-2026-00115,BIL-2026-00234,Z-3,200,MONTHLY_DUES,,180,20,CASH,VERIFIED,,COL-2026-0001,2026-03-16 13:10:00,USR-2026-0037,6.28E+11
AR-2026-00116,BIL-2026-00239,Z-3,200,MONTHLY_DUES,,180,20,DIGITAL,VERIFIED,proofs/TRX-00116.jpg,COL-2026-0001,2026-01-02 14:35:00,USR-2026-0038,8.54E+11
AR-2026-00117,BIL-2026-00240,Z-3,200,MONTHLY_DUES,,180,20,DIGITAL,VERIFIED,proofs/TRX-00117.jpg,COL-2026-0001,2026-02-03 17:20:00,USR-2026-0038,2.30E+11
AR-2026-00118,BIL-2026-00241,Z-3,200,MONTHLY_DUES,,180,20,CASH,VERIFIED,,COL-2026-0001,2026-03-16 17:45:00,USR-2026-0038,9.51E+11
AR-2026-00119,BIL-2026-00246,Z-3,200,MONTHLY_DUES,,180,20,CASH,VERIFIED,,COL-2026-0001,2026-01-16 15:20:00,USR-2026-0039,5.72E+11
AR-2026-00120,BIL-2026-00247,Z-3,200,MONTHLY_DUES,,180,20,DIGITAL,VERIFIED,proofs/TRX-00120.jpg,COL-2026-0001,2026-02-13 17:55:00,USR-2026-0039,3.31E+11
AR-2026-00121,BIL-2026-00248,Z-3,200,MONTHLY_DUES,,180,20,DIGITAL,VERIFIED,proofs/TRX-00121.jpg,COL-2026-0001,2026-03-30 09:10:00,USR-2026-0039,1.84E+11
AR-2026-00122,BIL-2026-00249,Z-3,200,MONTHLY_DUES,,180,20,DIGITAL,VERIFIED,proofs/TRX-00122.jpg,COL-2026-0001,2026-04-16 15:55:00,USR-2026-0039,1.36E+11
AR-2026-00123,BIL-2026-00250,Z-3,200,MONTHLY_DUES,,180,20,DIGITAL,VERIFIED,proofs/TRX-00123.jpg,COL-2026-0001,2026-05-15 15:05:00,USR-2026-0039,3.92E+11
AR-2026-00124,BIL-2026-00251,Z-3,200,MONTHLY_DUES,,180,20,CASH,VERIFIED,,COL-2026-0001,2026-06-30 17:50:00,USR-2026-0039,5.65E+11
AR-2026-00125,BIL-2026-00252,Z-3,200,MONTHLY_DUES,,180,20,CASH,PENDING,,,2026-07-04 10:20:00,USR-2026-0039,1.65E+11
AR-2026-00126,BIL-2026-00253,Z-3,200,MONTHLY_DUES,,180,20,CASH,VERIFIED,,COL-2026-0001,2026-01-15 17:55:00,USR-2026-0040,4.17E+11
AR-2026-00127,BIL-2026-00254,Z-3,200,MONTHLY_DUES,,180,20,DIGITAL,VERIFIED,proofs/TRX-00127.jpg,COL-2026-0001,2026-02-16 12:55:00,USR-2026-0040,6.51E+11
AR-2026-00128,BIL-2026-00255,Z-3,200,MONTHLY_DUES,,180,20,DIGITAL,VERIFIED,proofs/TRX-00128.jpg,COL-2026-0001,2026-03-16 09:45:00,USR-2026-0040,9.09E+11
AR-2026-00129,BIL-2026-00256,Z-3,200,MONTHLY_DUES,,180,20,DIGITAL,VERIFIED,proofs/TRX-00129.jpg,COL-2026-0001,2026-04-15 08:05:00,USR-2026-0040,7.35E+11
AR-2026-00130,BIL-2026-00257,Z-3,200,MONTHLY_DUES,,180,20,DIGITAL,VERIFIED,proofs/TRX-00130.jpg,COL-2026-0001,2026-05-13 12:45:00,USR-2026-0040,2.92E+11
AR-2026-00131,BIL-2026-00258,Z-3,200,MONTHLY_DUES,,180,20,CASH,VERIFIED,,COL-2026-0001,2026-06-16 12:10:00,USR-2026-0040,7.98E+11
AR-2026-00132,BIL-2026-00259,Z-3,200,MONTHLY_DUES,,180,20,DIGITAL,VERIFIED,proofs/TRX-00132.jpg,COL-2026-0001,2026-07-28 15:25:00,USR-2026-0040,8.36E+11
AR-2026-00133,BIL-2026-00260,Z-3,200,MONTHLY_DUES,,180,20,DIGITAL,VERIFIED,proofs/TRX-00133.jpg,COL-2026-0001,2026-01-03 13:30:00,USR-2026-0041,8.27E+11
AR-2026-00134,BIL-2026-00261,Z-3,200,MONTHLY_DUES,,180,20,DIGITAL,VERIFIED,proofs/TRX-00134.jpg,COL-2026-0001,2026-02-28 15:05:00,USR-2026-0041,2.26E+11
AR-2026-00135,BIL-2026-00267,Z-3,200,MONTHLY_DUES,,180,20,DIGITAL,VERIFIED,proofs/TRX-00135.jpg,COL-2026-0001,2026-01-31 16:00:00,USR-2026-0042,6.09E+11
AR-2026-00136,BIL-2026-00268,Z-3,200,MONTHLY_DUES,,180,20,DIGITAL,VERIFIED,proofs/TRX-00136.jpg,COL-2026-0001,2026-02-14 16:25:00,USR-2026-0042,7.89E+11
AR-2026-00137,BIL-2026-00269,Z-3,200,MONTHLY_DUES,,180,20,DIGITAL,VERIFIED,proofs/TRX-00137.jpg,COL-2026-0001,2026-03-13 11:20:00,USR-2026-0042,4.18E+11
AR-2026-00138,BIL-2026-00270,Z-3,200,MONTHLY_DUES,,180,20,CASH,VERIFIED,,COL-2026-0001,2026-04-16 09:00:00,USR-2026-0042,9.79E+11
AR-2026-00139,BIL-2026-00271,Z-3,200,MONTHLY_DUES,,180,20,DIGITAL,VERIFIED,proofs/TRX-00139.jpg,COL-2026-0001,2026-05-14 12:40:00,USR-2026-0042,2.01E+11
AR-2026-00140,BIL-2026-00272,Z-3,200,MONTHLY_DUES,,180,20,DIGITAL,VERIFIED,proofs/TRX-00140.jpg,COL-2026-0001,2026-06-13 15:05:00,USR-2026-0042,6.46E+11
AR-2026-00141,BIL-2026-00273,Z-3,200,MONTHLY_DUES,,180,20,DIGITAL,VERIFIED,proofs/TRX-00141.jpg,COL-2026-0001,2026-07-30 16:55:00,USR-2026-0042,6.32E+11
AR-2026-00142,BIL-2026-00274,Z-3,200,MONTHLY_DUES,,180,20,DIGITAL,VERIFIED,proofs/TRX-00142.jpg,COL-2026-0001,2026-01-29 15:40:00,USR-2026-0043,6.61E+11
AR-2026-00143,BIL-2026-00275,Z-3,200,MONTHLY_DUES,,180,20,CASH,VERIFIED,,COL-2026-0001,2026-02-28 09:20:00,USR-2026-0043,5.59E+11
AR-2026-00144,BIL-2026-00276,Z-3,200,MONTHLY_DUES,,180,20,DIGITAL,VERIFIED,proofs/TRX-00144.jpg,COL-2026-0001,2026-03-15 08:20:00,USR-2026-0043,7.48E+11
AR-2026-00145,BIL-2026-00277,Z-3,200,MONTHLY_DUES,,180,20,DIGITAL,VERIFIED,proofs/TRX-00145.jpg,COL-2026-0001,2026-04-16 10:35:00,USR-2026-0043,4.67E+11
AR-2026-00146,BIL-2026-00278,Z-3,200,MONTHLY_DUES,,180,20,CASH,VERIFIED,,COL-2026-0001,2026-05-16 15:25:00,USR-2026-0043,8.69E+11
AR-2026-00147,BIL-2026-00279,Z-3,200,MONTHLY_DUES,,180,20,DIGITAL,VERIFIED,proofs/TRX-00147.jpg,COL-2026-0001,2026-06-16 11:30:00,USR-2026-0043,6.23E+11
AR-2026-00148,BIL-2026-00280,Z-3,200,MONTHLY_DUES,,180,20,CASH,VERIFIED,,COL-2026-0001,2026-07-31 14:50:00,USR-2026-0043,6.42E+11
AR-2026-00149,BIL-2026-00281,Z-3,200,MONTHLY_DUES,,180,20,DIGITAL,VERIFIED,proofs/TRX-00149.jpg,COL-2026-0001,2026-01-29 16:45:00,USR-2026-0044,5.85E+11
AR-2026-00150,BIL-2026-00282,Z-3,200,MONTHLY_DUES,,180,20,DIGITAL,VERIFIED,proofs/TRX-00150.jpg,COL-2026-0001,2026-02-08 08:55:00,USR-2026-0044,8.21E+11
AR-2026-00151,BIL-2026-00283,Z-3,200,MONTHLY_DUES,,180,20,DIGITAL,VERIFIED,proofs/TRX-00151.jpg,COL-2026-0001,2026-03-28 15:20:00,USR-2026-0044,5.37E+11
AR-2026-00152,BIL-2026-00284,Z-3,200,MONTHLY_DUES,,180,20,CASH,VERIFIED,,COL-2026-0001,2026-04-29 16:30:00,USR-2026-0044,8.89E+11
AR-2026-00153,BIL-2026-00285,Z-3,200,MONTHLY_DUES,,180,20,DIGITAL,VERIFIED,proofs/TRX-00153.jpg,COL-2026-0001,2026-05-31 16:00:00,USR-2026-0044,7.92E+11
AR-2026-00154,BIL-2026-00286,Z-3,200,MONTHLY_DUES,,180,20,DIGITAL,VERIFIED,proofs/TRX-00154.jpg,COL-2026-0001,2026-06-29 11:55:00,USR-2026-0044,2.12E+11
AR-2026-00155,BIL-2026-00287,Z-3,200,MONTHLY_DUES,,180,20,DIGITAL,VERIFIED,proofs/TRX-00155.jpg,COL-2026-0001,2026-07-28 15:10:00,USR-2026-0044,1.34E+11
AR-2026-00156,BIL-2026-00288,Z-3,200,MONTHLY_DUES,,180,20,DIGITAL,VERIFIED,proofs/TRX-00156.jpg,COL-2026-0001,2026-01-01 12:25:00,USR-2026-0045,3.67E+11
AR-2026-00157,BIL-2026-00289,Z-3,200,MONTHLY_DUES,,180,20,DIGITAL,VERIFIED,proofs/TRX-00157.jpg,COL-2026-0001,2026-02-14 10:10:00,USR-2026-0045,5.20E+11
AR-2026-00158,BIL-2026-00290,Z-3,200,MONTHLY_DUES,,180,20,DIGITAL,VERIFIED,proofs/TRX-00158.jpg,COL-2026-0001,2026-03-29 15:45:00,USR-2026-0045,8.02E+11
AR-2026-00159,BIL-2026-00291,Z-3,200,MONTHLY_DUES,,180,20,CASH,VERIFIED,,COL-2026-0001,2026-04-15 08:35:00,USR-2026-0045,7.00E+11
AR-2026-00160,BIL-2026-00292,Z-3,200,MONTHLY_DUES,,180,20,DIGITAL,VERIFIED,proofs/TRX-00160.jpg,COL-2026-0001,2026-05-16 13:45:00,USR-2026-0045,5.68E+11
AR-2026-00161,BIL-2026-00293,Z-3,200,MONTHLY_DUES,,180,20,CASH,VERIFIED,,COL-2026-0001,2026-06-29 12:15:00,USR-2026-0045,6.32E+11
AR-2026-00162,BIL-2026-00294,Z-3,200,MONTHLY_DUES,,180,20,DIGITAL,VERIFIED,proofs/TRX-00162.jpg,COL-2026-0001,2026-07-07 17:25:00,USR-2026-0045,8.73E+11
AR-2026-00163,BIL-2026-00295,Z-3,200,MONTHLY_DUES,,180,20,DIGITAL,VERIFIED,proofs/TRX-00163.jpg,COL-2026-0001,2026-01-16 12:00:00,USR-2026-0046,9.58E+11
AR-2026-00164,BIL-2026-00296,Z-3,200,MONTHLY_DUES,,180,20,DIGITAL,VERIFIED,proofs/TRX-00164.jpg,COL-2026-0001,2026-02-28 17:55:00,USR-2026-0046,9.52E+11
AR-2026-00165,BIL-2026-00297,Z-3,200,MONTHLY_DUES,,180,20,DIGITAL,VERIFIED,proofs/TRX-00165.jpg,COL-2026-0001,2026-03-30 11:50:00,USR-2026-0046,8.44E+11
AR-2026-00166,BIL-2026-00298,Z-3,200,MONTHLY_DUES,,180,20,DIGITAL,VERIFIED,proofs/TRX-00166.jpg,COL-2026-0001,2026-04-30 10:50:00,USR-2026-0046,8.11E+11
AR-2026-00167,BIL-2026-00299,Z-3,200,MONTHLY_DUES,,180,20,DIGITAL,VERIFIED,proofs/TRX-00167.jpg,COL-2026-0001,2026-05-08 08:45:00,USR-2026-0046,1.99E+11
AR-2026-00168,BIL-2026-00300,Z-3,200,MONTHLY_DUES,,180,20,DIGITAL,VERIFIED,proofs/TRX-00168.jpg,COL-2026-0001,2026-06-29 14:10:00,USR-2026-0046,6.96E+11
AR-2026-00169,BIL-2026-00301,Z-3,200,MONTHLY_DUES,,180,20,CASH,VERIFIED,,COL-2026-0001,2026-07-30 16:40:00,USR-2026-0046,2.84E+11
AR-2026-00170,BIL-2026-00309,Z-3,200,MONTHLY_DUES,,180,20,CASH,VERIFIED,,COL-2026-0001,2026-01-16 12:55:00,USR-2026-0048,2.28E+11
AR-2026-00171,BIL-2026-00310,Z-3,200,MONTHLY_DUES,,180,20,CASH,VERIFIED,,COL-2026-0001,2026-02-13 10:15:00,USR-2026-0048,8.42E+11
AR-2026-00172,BIL-2026-00311,Z-3,200,MONTHLY_DUES,,180,20,DIGITAL,VERIFIED,proofs/TRX-00172.jpg,COL-2026-0001,2026-03-30 09:30:00,USR-2026-0048,2.35E+11
AR-2026-00173,BIL-2026-00316,Z-3,200,MONTHLY_DUES,,180,20,CASH,VERIFIED,,COL-2026-0001,2026-01-15 17:30:00,USR-2026-0049,5.12E+11
AR-2026-00174,BIL-2026-00317,Z-3,200,MONTHLY_DUES,,180,20,DIGITAL,VERIFIED,proofs/TRX-00174.jpg,COL-2026-0001,2026-02-04 15:00:00,USR-2026-0049,7.18E+11
AR-2026-00175,BIL-2026-00323,Z-3,200,MONTHLY_DUES,,180,20,CASH,VERIFIED,,COL-2026-0001,2026-01-14 09:50:00,USR-2026-0050,8.73E+11
AR-2026-00176,BIL-2026-00324,Z-3,200,MONTHLY_DUES,,180,20,DIGITAL,VERIFIED,proofs/TRX-00176.jpg,COL-2026-0001,2026-02-16 09:10:00,USR-2026-0050,4.31E+11
AR-2026-00177,BIL-2026-00330,Z-3,200,MONTHLY_DUES,,180,20,CASH,VERIFIED,,COL-2026-0001,2026-01-28 09:15:00,USR-2026-0051,5.26E+11
AR-2026-00178,BIL-2026-00331,Z-3,200,MONTHLY_DUES,,180,20,DIGITAL,VERIFIED,proofs/TRX-00178.jpg,COL-2026-0001,2026-02-16 17:55:00,USR-2026-0051,5.59E+11
AR-2026-00179,BIL-2026-00332,Z-3,200,MONTHLY_DUES,,180,20,CASH,VERIFIED,,COL-2026-0001,2026-03-31 17:30:00,USR-2026-0051,1.36E+11
AR-2026-00180,BIL-2026-00344,Z-3,200,MONTHLY_DUES,,180,20,CASH,VERIFIED,,COL-2026-0001,2026-01-29 15:35:00,USR-2026-0053,4.99E+11
AR-2026-00181,BIL-2026-00345,Z-3,200,MONTHLY_DUES,,180,20,DIGITAL,VERIFIED,proofs/TRX-00181.jpg,COL-2026-0001,2026-02-06 16:50:00,USR-2026-0053,4.02E+11
AR-2026-00182,BIL-2026-00346,Z-3,200,MONTHLY_DUES,,180,20,DIGITAL,VERIFIED,proofs/TRX-00182.jpg,COL-2026-0001,2026-03-13 15:05:00,USR-2026-0053,8.03E+11
AR-2026-00183,BIL-2026-00347,Z-3,200,MONTHLY_DUES,,180,20,DIGITAL,VERIFIED,proofs/TRX-00183.jpg,COL-2026-0001,2026-04-13 08:25:00,USR-2026-0053,9.64E+11
AR-2026-00184,BIL-2026-00348,Z-3,200,MONTHLY_DUES,,180,20,DIGITAL,VERIFIED,proofs/TRX-00184.jpg,COL-2026-0001,2026-05-13 16:15:00,USR-2026-0053,4.62E+11
AR-2026-00185,BIL-2026-00349,Z-3,200,MONTHLY_DUES,,180,20,CASH,VERIFIED,,COL-2026-0001,2026-06-30 08:20:00,USR-2026-0053,6.93E+11
AR-2026-00186,BIL-2026-00350,Z-3,200,MONTHLY_DUES,,180,20,CASH,VERIFIED,,COL-2026-0001,2026-07-14 09:50:00,USR-2026-0053,1.13E+11
AR-2026-00187,BIL-2026-00358,Z-3,200,MONTHLY_DUES,,180,20,DIGITAL,VERIFIED,proofs/TRX-00187.jpg,COL-2026-0001,2026-01-14 17:25:00,USR-2026-0055,1.57E+11
AR-2026-00188,BIL-2026-00359,Z-3,200,MONTHLY_DUES,,180,20,DIGITAL,VERIFIED,proofs/TRX-00188.jpg,COL-2026-0001,2026-02-07 16:05:00,USR-2026-0055,5.92E+11
AR-2026-00189,BIL-2026-00360,Z-3,200,MONTHLY_DUES,,180,20,DIGITAL,VERIFIED,proofs/TRX-00189.jpg,COL-2026-0001,2026-03-28 15:40:00,USR-2026-0055,1.50E+11
AR-2026-00190,BIL-2026-00361,Z-3,200,MONTHLY_DUES,,180,20,DIGITAL,VERIFIED,proofs/TRX-00190.jpg,COL-2026-0001,2026-04-30 16:20:00,USR-2026-0055,1.34E+11
AR-2026-00191,BIL-2026-00362,Z-3,200,MONTHLY_DUES,,180,20,DIGITAL,VERIFIED,proofs/TRX-00191.jpg,COL-2026-0001,2026-05-08 14:30:00,USR-2026-0055,8.84E+11
AR-2026-00192,BIL-2026-00363,Z-3,200,MONTHLY_DUES,,180,20,DIGITAL,VERIFIED,proofs/TRX-00192.jpg,COL-2026-0001,2026-06-28 09:25:00,USR-2026-0055,2.38E+11
AR-2026-00193,BIL-2026-00364,Z-3,200,MONTHLY_DUES,,180,20,DIGITAL,VERIFIED,proofs/TRX-00193.jpg,COL-2026-0001,2026-07-15 14:45:00,USR-2026-0055,6.56E+11
AR-2026-00194,BIL-2026-00365,Z-3,200,MONTHLY_DUES,,180,20,DIGITAL,VERIFIED,proofs/TRX-00194.jpg,COL-2026-0001,2026-01-28 09:50:00,USR-2026-0056,7.09E+11
AR-2026-00195,BIL-2026-00366,Z-3,200,MONTHLY_DUES,,180,20,CASH,VERIFIED,,COL-2026-0001,2026-02-28 14:35:00,USR-2026-0056,4.71E+11
AR-2026-00196,BIL-2026-00367,Z-3,200,MONTHLY_DUES,,180,20,DIGITAL,VERIFIED,proofs/TRX-00196.jpg,COL-2026-0001,2026-03-31 14:55:00,USR-2026-0056,4.45E+11
AR-2026-00197,BIL-2026-00368,Z-3,200,MONTHLY_DUES,,180,20,CASH,VERIFIED,,COL-2026-0001,2026-04-29 10:50:00,USR-2026-0056,1.99E+11
AR-2026-00198,BIL-2026-00369,Z-3,200,MONTHLY_DUES,,180,20,DIGITAL,VERIFIED,proofs/TRX-00198.jpg,COL-2026-0001,2026-05-28 14:05:00,USR-2026-0056,9.91E+11
AR-2026-00199,BIL-2026-00370,Z-3,200,MONTHLY_DUES,,180,20,DIGITAL,VERIFIED,proofs/TRX-00199.jpg,COL-2026-0001,2026-06-01 17:40:00,USR-2026-0056,2.36E+11
AR-2026-00200,BIL-2026-00371,Z-3,200,MONTHLY_DUES,,180,20,DIGITAL,VERIFIED,proofs/TRX-00200.jpg,COL-2026-0001,2026-07-16 08:20:00,USR-2026-0056,2.13E+11
AR-2026-00201,BIL-2026-00372,Z-3,200,MONTHLY_DUES,,180,20,DIGITAL,VERIFIED,proofs/TRX-00201.jpg,COL-2026-0001,2026-01-14 10:50:00,USR-2026-0057,2.20E+11
AR-2026-00202,BIL-2026-00373,Z-3,200,MONTHLY_DUES,,180,20,DIGITAL,VERIFIED,proofs/TRX-00202.jpg,COL-2026-0001,2026-02-15 09:20:00,USR-2026-0057,5.72E+11
AR-2026-00203,BIL-2026-00374,Z-3,200,MONTHLY_DUES,,180,20,CASH,VERIFIED,,COL-2026-0001,2026-03-28 17:50:00,USR-2026-0057,1.31E+11
AR-2026-00204,BIL-2026-00375,Z-3,200,MONTHLY_DUES,,180,20,DIGITAL,VERIFIED,proofs/TRX-00204.jpg,COL-2026-0001,2026-04-15 13:25:00,USR-2026-0057,2.58E+11
AR-2026-00205,BIL-2026-00376,Z-3,200,MONTHLY_DUES,,180,20,DIGITAL,VERIFIED,proofs/TRX-00205.jpg,COL-2026-0001,2026-05-16 09:10:00,USR-2026-0057,1.34E+11
AR-2026-00206,BIL-2026-00377,Z-3,200,MONTHLY_DUES,,180,20,DIGITAL,VERIFIED,proofs/TRX-00206.jpg,COL-2026-0001,2026-06-09 11:30:00,USR-2026-0057,2.73E+11
AR-2026-00207,BIL-2026-00378,Z-3,200,MONTHLY_DUES,,180,20,DIGITAL,VERIFIED,proofs/TRX-00207.jpg,COL-2026-0001,2026-07-15 17:45:00,USR-2026-0057,2.68E+11
AR-2026-00208,BIL-2026-00400,Z-3,200,MONTHLY_DUES,,180,20,DIGITAL,VERIFIED,proofs/TRX-00208.jpg,COL-2026-0001,2026-01-13 09:20:00,USR-2026-0061,6.34E+11
AR-2026-00209,BIL-2026-00401,Z-3,200,MONTHLY_DUES,,180,20,CASH,VERIFIED,,COL-2026-0001,2026-02-28 12:15:00,USR-2026-0061,4.78E+11
AR-2026-00210,BIL-2026-00402,Z-3,200,MONTHLY_DUES,,180,20,DIGITAL,VERIFIED,proofs/TRX-00210.jpg,COL-2026-0001,2026-03-15 17:35:00,USR-2026-0061,1.49E+11
AR-2026-00211,BIL-2026-00403,Z-3,200,MONTHLY_DUES,,180,20,DIGITAL,VERIFIED,proofs/TRX-00211.jpg,COL-2026-0001,2026-04-13 08:15:00,USR-2026-0061,9.43E+11
AR-2026-00212,BIL-2026-00404,Z-3,200,MONTHLY_DUES,,180,20,DIGITAL,VERIFIED,proofs/TRX-00212.jpg,COL-2026-0001,2026-05-05 12:25:00,USR-2026-0061,9.22E+11
AR-2026-00213,BIL-2026-00405,Z-3,200,MONTHLY_DUES,,180,20,DIGITAL,PENDING,proofs/TRX-00213.jpg,,2026-06-14 14:40:00,USR-2026-0061,7.16E+11
AR-2026-00214,BIL-2026-00407,Z-3,200,MONTHLY_DUES,,180,20,CASH,VERIFIED,,COL-2026-0001,2026-01-30 09:30:00,USR-2026-0062,5.77E+11
AR-2026-00215,BIL-2026-00408,Z-3,200,MONTHLY_DUES,,180,20,DIGITAL,VERIFIED,proofs/TRX-00215.jpg,COL-2026-0001,2026-02-02 13:45:00,USR-2026-0062,8.79E+11
AR-2026-00216,BIL-2026-00421,Z-3,200,MONTHLY_DUES,,180,20,DIGITAL,VERIFIED,proofs/TRX-00216.jpg,COL-2026-0001,2026-01-30 09:30:00,USR-2026-0066,2.86E+11
AR-2026-00217,BIL-2026-00422,Z-3,200,MONTHLY_DUES,,180,20,DIGITAL,VERIFIED,proofs/TRX-00217.jpg,COL-2026-0001,2026-02-28 13:05:00,USR-2026-0066,3.67E+11
AR-2026-00218,BIL-2026-00423,Z-3,200,MONTHLY_DUES,,180,20,DIGITAL,VERIFIED,proofs/TRX-00218.jpg,COL-2026-0001,2026-03-16 16:05:00,USR-2026-0066,9.17E+11
AR-2026-00219,BIL-2026-00424,Z-3,200,MONTHLY_DUES,,180,20,DIGITAL,VERIFIED,proofs/TRX-00219.jpg,COL-2026-0001,2026-04-15 10:05:00,USR-2026-0066,6.80E+11
AR-2026-00220,BIL-2026-00425,Z-3,200,MONTHLY_DUES,,180,20,CASH,VERIFIED,,COL-2026-0001,2026-05-15 13:55:00,USR-2026-0066,9.96E+11
AR-2026-00221,BIL-2026-00426,Z-3,200,MONTHLY_DUES,,180,20,DIGITAL,VERIFIED,proofs/TRX-00221.jpg,COL-2026-0001,2026-06-02 10:20:00,USR-2026-0066,2.70E+11
AR-2026-00222,BIL-2026-00427,Z-3,200,MONTHLY_DUES,,180,20,DIGITAL,VERIFIED,proofs/TRX-00222.jpg,COL-2026-0001,2026-07-28 10:50:00,USR-2026-0066,7.22E+11
AR-2026-00223,BIL-2026-00428,Z-3,200,MONTHLY_DUES,,180,20,DIGITAL,VERIFIED,proofs/TRX-00223.jpg,COL-2026-0001,2026-01-31 17:50:00,USR-2026-0067,4.55E+11
AR-2026-00224,BIL-2026-00429,Z-3,200,MONTHLY_DUES,,180,20,DIGITAL,VERIFIED,proofs/TRX-00224.jpg,COL-2026-0001,2026-02-28 10:35:00,USR-2026-0067,7.93E+11
AR-2026-00225,BIL-2026-00430,Z-3,200,MONTHLY_DUES,,180,20,DIGITAL,VERIFIED,proofs/TRX-00225.jpg,COL-2026-0001,2026-03-15 17:00:00,USR-2026-0067,4.40E+11
AR-2026-00226,BIL-2026-00431,Z-3,200,MONTHLY_DUES,,180,20,CASH,VERIFIED,,COL-2026-0001,2026-04-13 08:25:00,USR-2026-0067,8.09E+11
AR-2026-00227,BIL-2026-00432,Z-3,200,MONTHLY_DUES,,180,20,DIGITAL,VERIFIED,proofs/TRX-00227.jpg,COL-2026-0001,2026-05-28 17:45:00,USR-2026-0067,7.38E+11
AR-2026-00228,BIL-2026-00433,Z-3,200,MONTHLY_DUES,,180,20,DIGITAL,VERIFIED,proofs/TRX-00228.jpg,COL-2026-0001,2026-06-13 15:45:00,USR-2026-0067,7.63E+11
AR-2026-00229,BIL-2026-00434,Z-3,200,MONTHLY_DUES,,180,20,DIGITAL,VERIFIED,proofs/TRX-00229.jpg,COL-2026-0001,2026-07-14 08:35:00,USR-2026-0067,1.93E+11
AR-2026-00230,BIL-2026-00435,Z-3,200,MONTHLY_DUES,,180,20,DIGITAL,VERIFIED,proofs/TRX-00230.jpg,COL-2026-0001,2026-01-14 08:15:00,USR-2026-0068,5.85E+11
AR-2026-00231,BIL-2026-00436,Z-3,200,MONTHLY_DUES,,180,20,CASH,VERIFIED,,COL-2026-0001,2026-02-14 13:25:00,USR-2026-0068,5.48E+11
AR-2026-00232,BIL-2026-00437,Z-3,200,MONTHLY_DUES,,180,20,DIGITAL,VERIFIED,proofs/TRX-00232.jpg,COL-2026-0001,2026-03-28 13:05:00,USR-2026-0068,8.45E+11
AR-2026-00233,BIL-2026-00438,Z-3,200,MONTHLY_DUES,,180,20,DIGITAL,VERIFIED,proofs/TRX-00233.jpg,COL-2026-0001,2026-04-15 17:10:00,USR-2026-0068,8.28E+11
AR-2026-00234,BIL-2026-00439,Z-3,200,MONTHLY_DUES,,180,20,DIGITAL,PENDING,proofs/TRX-00234.jpg,,2026-05-06 12:50:00,USR-2026-0068,2.43E+11
AR-2026-00235,BIL-2026-00442,Z-3,200,MONTHLY_DUES,,180,20,DIGITAL,VERIFIED,proofs/TRX-00235.jpg,COL-2026-0001,2026-01-13 12:40:00,USR-2026-0069,4.64E+11
AR-2026-00236,BIL-2026-00443,Z-3,200,MONTHLY_DUES,,180,20,DIGITAL,VERIFIED,proofs/TRX-00236.jpg,COL-2026-0001,2026-02-28 14:40:00,USR-2026-0069,4.41E+11
AR-2026-00237,BIL-2026-00444,Z-3,200,MONTHLY_DUES,,180,20,DIGITAL,VERIFIED,proofs/TRX-00237.jpg,COL-2026-0001,2026-03-14 13:35:00,USR-2026-0069,2.55E+11
AR-2026-00238,BIL-2026-00445,Z-3,200,MONTHLY_DUES,,180,20,CASH,VERIFIED,,COL-2026-0001,2026-04-15 09:40:00,USR-2026-0069,9.15E+11
AR-2026-00239,BIL-2026-00446,Z-3,200,MONTHLY_DUES,,180,20,DIGITAL,VERIFIED,proofs/TRX-00239.jpg,COL-2026-0001,2026-05-28 13:45:00,USR-2026-0069,2.69E+11
AR-2026-00240,BIL-2026-00447,Z-3,200,MONTHLY_DUES,,180,20,DIGITAL,VERIFIED,proofs/TRX-00240.jpg,COL-2026-0001,2026-06-14 15:00:00,USR-2026-0069,8.93E+11
AR-2026-00241,BIL-2026-00448,Z-3,200,MONTHLY_DUES,,180,20,CASH,VERIFIED,,COL-2026-0001,2026-07-16 17:20:00,USR-2026-0069,5.93E+11
AR-2026-00242,BIL-2026-00449,Z-3,200,MONTHLY_DUES,,180,20,CASH,VERIFIED,,COL-2026-0001,2026-01-14 12:35:00,USR-2026-0069,5.05E+11
AR-2026-00243,BIL-2026-00450,Z-3,200,MONTHLY_DUES,,180,20,CASH,VERIFIED,,COL-2026-0001,2026-02-28 15:20:00,USR-2026-0069,6.82E+11
AR-2026-00244,BIL-2026-00451,Z-3,200,MONTHLY_DUES,,180,20,DIGITAL,VERIFIED,proofs/TRX-00244.jpg,COL-2026-0001,2026-03-14 11:45:00,USR-2026-0069,1.57E+11
AR-2026-00245,BIL-2026-00452,Z-3,200,MONTHLY_DUES,,180,20,DIGITAL,VERIFIED,proofs/TRX-00245.jpg,COL-2026-0001,2026-04-29 16:05:00,USR-2026-0069,4.10E+11
AR-2026-00246,BIL-2026-00453,Z-3,200,MONTHLY_DUES,,180,20,CASH,VERIFIED,,COL-2026-0001,2026-05-03 12:35:00,USR-2026-0069,2.01E+11
AR-2026-00247,BIL-2026-00454,Z-3,200,MONTHLY_DUES,,180,20,CASH,VERIFIED,,COL-2026-0001,2026-06-28 15:25:00,USR-2026-0069,1.58E+11
AR-2026-00248,BIL-2026-00455,Z-3,200,MONTHLY_DUES,,180,20,CASH,VERIFIED,,COL-2026-0001,2026-07-15 11:30:00,USR-2026-0069,3.46E+11
AR-2026-00249,BIL-2026-00456,Z-3,200,MONTHLY_DUES,,180,20,DIGITAL,VERIFIED,proofs/TRX-00249.jpg,COL-2026-0001,2026-01-02 13:10:00,USR-2026-0070,6.19E+11
AR-2026-00250,BIL-2026-00457,Z-3,200,MONTHLY_DUES,,180,20,DIGITAL,VERIFIED,proofs/TRX-00250.jpg,COL-2026-0001,2026-02-28 15:35:00,USR-2026-0070,1.90E+11
AR-2026-00251,BIL-2026-00458,Z-3,200,MONTHLY_DUES,,180,20,CASH,VERIFIED,,COL-2026-0001,2026-03-04 10:40:00,USR-2026-0070,6.82E+11
AR-2026-00252,BIL-2026-00459,Z-3,200,MONTHLY_DUES,,180,20,DIGITAL,VERIFIED,proofs/TRX-00252.jpg,COL-2026-0001,2026-04-15 11:20:00,USR-2026-0070,5.61E+11
AR-2026-00253,BIL-2026-00460,Z-3,200,MONTHLY_DUES,,180,20,CASH,VERIFIED,,COL-2026-0001,2026-05-31 09:05:00,USR-2026-0070,7.55E+11
AR-2026-00254,BIL-2026-00461,Z-3,200,MONTHLY_DUES,,180,20,DIGITAL,VERIFIED,proofs/TRX-00254.jpg,COL-2026-0001,2026-06-14 10:20:00,USR-2026-0070,4.89E+11
AR-2026-00255,BIL-2026-00462,Z-3,200,MONTHLY_DUES,,180,20,DIGITAL,VERIFIED,proofs/TRX-00255.jpg,COL-2026-0001,2026-07-16 10:50:00,USR-2026-0070,1.75E+11
AR-2026-00256,BIL-2026-00463,Z-3,200,MONTHLY_DUES,,180,20,DIGITAL,VERIFIED,proofs/TRX-00256.jpg,COL-2026-0001,2026-01-28 14:35:00,USR-2026-0071,3.76E+11
AR-2026-00257,BIL-2026-00464,Z-3,200,MONTHLY_DUES,,180,20,DIGITAL,VERIFIED,proofs/TRX-00257.jpg,COL-2026-0001,2026-02-28 09:25:00,USR-2026-0071,7.90E+11
AR-2026-00258,BIL-2026-00465,Z-3,200,MONTHLY_DUES,,180,20,DIGITAL,VERIFIED,proofs/TRX-00258.jpg,COL-2026-0001,2026-03-10 13:10:00,USR-2026-0071,4.72E+11
AR-2026-00259,BIL-2026-00466,Z-3,200,MONTHLY_DUES,,180,20,DIGITAL,VERIFIED,proofs/TRX-00259.jpg,COL-2026-0001,2026-04-28 15:55:00,USR-2026-0071,9.90E+11
AR-2026-00260,BIL-2026-00467,Z-3,200,MONTHLY_DUES,,180,20,DIGITAL,VERIFIED,proofs/TRX-00260.jpg,COL-2026-0001,2026-05-08 08:20:00,USR-2026-0071,3.22E+11
AR-2026-00261,BIL-2026-00468,Z-3,200,MONTHLY_DUES,,180,20,DIGITAL,VERIFIED,proofs/TRX-00261.jpg,COL-2026-0001,2026-06-29 12:40:00,USR-2026-0071,7.01E+11
AR-2026-00262,BIL-2026-00469,Z-3,200,MONTHLY_DUES,,180,20,DIGITAL,VERIFIED,proofs/TRX-00262.jpg,COL-2026-0001,2026-07-13 11:20:00,USR-2026-0071,1.55E+11
AR-2026-00263,BIL-2026-00470,Z-3,200,MONTHLY_DUES,,180,20,CASH,VERIFIED,,COL-2026-0001,2026-01-30 12:05:00,USR-2026-0072,9.18E+11
AR-2026-00264,BIL-2026-00471,Z-3,200,MONTHLY_DUES,,180,20,DIGITAL,VERIFIED,proofs/TRX-00264.jpg,COL-2026-0001,2026-02-16 13:10:00,USR-2026-0072,5.06E+11
AR-2026-00265,BIL-2026-00472,Z-3,200,MONTHLY_DUES,,180,20,DIGITAL,VERIFIED,proofs/TRX-00265.jpg,COL-2026-0001,2026-03-30 09:55:00,USR-2026-0072,7.63E+11
AR-2026-00266,BIL-2026-00473,Z-3,200,MONTHLY_DUES,,180,20,DIGITAL,VERIFIED,proofs/TRX-00266.jpg,COL-2026-0001,2026-04-28 16:20:00,USR-2026-0072,4.57E+11
AR-2026-00267,BIL-2026-00474,Z-3,200,MONTHLY_DUES,,180,20,DIGITAL,VERIFIED,proofs/TRX-00267.jpg,COL-2026-0001,2026-05-30 15:45:00,USR-2026-0072,8.57E+11
AR-2026-00268,BIL-2026-00475,Z-3,200,MONTHLY_DUES,,180,20,CASH,VERIFIED,,COL-2026-0001,2026-06-16 08:55:00,USR-2026-0072,7.76E+11
AR-2026-00269,BIL-2026-00476,Z-3,200,MONTHLY_DUES,,180,20,DIGITAL,VERIFIED,proofs/TRX-00269.jpg,COL-2026-0001,2026-07-30 08:05:00,USR-2026-0072,5.01E+11
AR-2026-00270,BIL-2026-00477,Z-3,200,MONTHLY_DUES,,180,20,CASH,VERIFIED,,COL-2026-0001,2026-01-14 08:10:00,USR-2026-0073,9.62E+11
AR-2026-00271,BIL-2026-00478,Z-3,200,MONTHLY_DUES,,180,20,CASH,VERIFIED,,COL-2026-0001,2026-02-14 09:15:00,USR-2026-0073,4.97E+11
AR-2026-00272,BIL-2026-00479,Z-3,200,MONTHLY_DUES,,180,20,DIGITAL,VERIFIED,proofs/TRX-00272.jpg,COL-2026-0001,2026-03-13 17:10:00,USR-2026-0073,5.08E+11
AR-2026-00273,BIL-2026-00480,Z-3,200,MONTHLY_DUES,,180,20,DIGITAL,VERIFIED,proofs/TRX-00273.jpg,COL-2026-0001,2026-04-13 17:10:00,USR-2026-0073,4.45E+11
AR-2026-00274,BIL-2026-00481,Z-3,200,MONTHLY_DUES,,180,20,DIGITAL,VERIFIED,proofs/TRX-00274.jpg,COL-2026-0001,2026-05-29 09:00:00,USR-2026-0073,6.69E+11
AR-2026-00275,BIL-2026-00484,Z-3,200,MONTHLY_DUES,,180,20,DIGITAL,VERIFIED,proofs/TRX-00275.jpg,COL-2026-0001,2026-01-13 12:20:00,USR-2026-0074,4.16E+11
AR-2026-00276,BIL-2026-00485,Z-3,200,MONTHLY_DUES,,180,20,DIGITAL,VERIFIED,proofs/TRX-00276.jpg,COL-2026-0001,2026-02-28 11:05:00,USR-2026-0074,5.94E+11
AR-2026-00277,BIL-2026-00486,Z-3,200,MONTHLY_DUES,,180,20,CASH,VERIFIED,,COL-2026-0001,2026-03-16 09:50:00,USR-2026-0074,4.52E+11
AR-2026-00278,BIL-2026-00487,Z-3,200,MONTHLY_DUES,,180,20,DIGITAL,VERIFIED,proofs/TRX-00278.jpg,COL-2026-0001,2026-04-30 09:40:00,USR-2026-0074,4.30E+11
AR-2026-00279,BIL-2026-00488,Z-3,200,MONTHLY_DUES,,180,20,DIGITAL,VERIFIED,proofs/TRX-00279.jpg,COL-2026-0001,2026-05-29 13:40:00,USR-2026-0074,3.23E+11
AR-2026-00280,BIL-2026-00489,Z-3,200,MONTHLY_DUES,,180,20,DIGITAL,VERIFIED,proofs/TRX-00280.jpg,COL-2026-0001,2026-06-28 15:00:00,USR-2026-0074,5.06E+11
AR-2026-00281,BIL-2026-00490,Z-3,200,MONTHLY_DUES,,180,20,DIGITAL,VERIFIED,proofs/TRX-00281.jpg,COL-2026-0001,2026-07-14 17:05:00,USR-2026-0074,8.93E+11
AR-2026-00282,BIL-2026-00491,Z-3,200,MONTHLY_DUES,,180,20,DIGITAL,VERIFIED,proofs/TRX-00282.jpg,COL-2026-0001,2026-01-16 14:45:00,USR-2026-0075,4.52E+11
AR-2026-00283,BIL-2026-00492,Z-3,200,MONTHLY_DUES,,180,20,DIGITAL,VERIFIED,proofs/TRX-00283.jpg,COL-2026-0001,2026-02-28 15:50:00,USR-2026-0075,9.58E+11
AR-2026-00284,BIL-2026-00493,Z-3,200,MONTHLY_DUES,,180,20,DIGITAL,VERIFIED,proofs/TRX-00284.jpg,COL-2026-0001,2026-03-14 10:30:00,USR-2026-0075,1.64E+11
AR-2026-00285,BIL-2026-00494,Z-3,200,MONTHLY_DUES,,180,20,DIGITAL,PENDING,proofs/TRX-00285.jpg,,2026-04-30 10:20:00,USR-2026-0075,3.48E+11
AR-2026-00286,BIL-2026-00498,Z-3,200,MONTHLY_DUES,,180,20,DIGITAL,VERIFIED,proofs/TRX-00286.jpg,COL-2026-0001,2026-01-15 09:20:00,USR-2026-0076,7.10E+11
AR-2026-00287,BIL-2026-00499,Z-3,200,MONTHLY_DUES,,180,20,DIGITAL,VERIFIED,proofs/TRX-00287.jpg,COL-2026-0001,2026-02-15 17:40:00,USR-2026-0076,2.87E+11
AR-2026-00288,BIL-2026-00500,Z-3,200,MONTHLY_DUES,,180,20,DIGITAL,VERIFIED,proofs/TRX-00288.jpg,COL-2026-0001,2026-03-14 10:50:00,USR-2026-0076,7.65E+11
AR-2026-00289,BIL-2026-00501,Z-3,200,MONTHLY_DUES,,180,20,DIGITAL,VERIFIED,proofs/TRX-00289.jpg,COL-2026-0001,2026-04-13 08:05:00,USR-2026-0076,9.49E+11
AR-2026-00290,BIL-2026-00502,Z-3,200,MONTHLY_DUES,,180,20,DIGITAL,VERIFIED,proofs/TRX-00290.jpg,COL-2026-0001,2026-05-14 17:30:00,USR-2026-0076,6.46E+11
AR-2026-00291,BIL-2026-00503,Z-3,200,MONTHLY_DUES,,180,20,CASH,VERIFIED,,COL-2026-0001,2026-06-30 12:50:00,USR-2026-0076,3.68E+11
AR-2026-00292,BIL-2026-00504,Z-3,200,MONTHLY_DUES,,180,20,DIGITAL,VERIFIED,proofs/TRX-00292.jpg,COL-2026-0001,2026-07-31 12:35:00,USR-2026-0076,2.72E+11
AR-2026-00293,BIL-2026-00505,Z-3,200,MONTHLY_DUES,,180,20,DIGITAL,VERIFIED,proofs/TRX-00293.jpg,COL-2026-0001,2026-01-16 15:15:00,USR-2026-0077,4.44E+11
AR-2026-00294,BIL-2026-00506,Z-3,200,MONTHLY_DUES,,180,20,DIGITAL,VERIFIED,proofs/TRX-00294.jpg,COL-2026-0001,2026-02-28 13:30:00,USR-2026-0077,6.64E+11
AR-2026-00295,BIL-2026-00507,Z-3,200,MONTHLY_DUES,,180,20,DIGITAL,VERIFIED,proofs/TRX-00295.jpg,COL-2026-0001,2026-03-15 11:35:00,USR-2026-0077,3.73E+11
AR-2026-00296,BIL-2026-00508,Z-3,200,MONTHLY_DUES,,180,20,CASH,VERIFIED,,COL-2026-0001,2026-04-01 12:30:00,USR-2026-0077,3.72E+11
AR-2026-00297,BIL-2026-00509,Z-3,200,MONTHLY_DUES,,180,20,DIGITAL,VERIFIED,proofs/TRX-00297.jpg,COL-2026-0001,2026-05-29 13:45:00,USR-2026-0077,9.38E+11
AR-2026-00298,BIL-2026-00510,Z-3,200,MONTHLY_DUES,,180,20,DIGITAL,VERIFIED,proofs/TRX-00298.jpg,COL-2026-0001,2026-06-16 15:20:00,USR-2026-0077,6.56E+11
AR-2026-00299,BIL-2026-00511,Z-3,200,MONTHLY_DUES,,180,20,DIGITAL,VERIFIED,proofs/TRX-00299.jpg,COL-2026-0001,2026-07-14 11:45:00,USR-2026-0077,4.09E+11
AR-2026-00300,BIL-2026-00512,Z-3,200,MONTHLY_DUES,,180,20,DIGITAL,VERIFIED,proofs/TRX-00300.jpg,COL-2026-0001,2026-01-16 12:40:00,USR-2026-0078,5.73E+11
AR-2026-00301,BIL-2026-00513,Z-3,200,MONTHLY_DUES,,180,20,DIGITAL,VERIFIED,proofs/TRX-00301.jpg,COL-2026-0001,2026-02-05 13:30:00,USR-2026-0078,1.58E+11
AR-2026-00302,BIL-2026-00514,Z-3,200,MONTHLY_DUES,,180,20,DIGITAL,VERIFIED,proofs/TRX-00302.jpg,COL-2026-0001,2026-03-14 13:40:00,USR-2026-0078,6.56E+11
AR-2026-00303,BIL-2026-00515,Z-3,200,MONTHLY_DUES,,180,20,DIGITAL,VERIFIED,proofs/TRX-00303.jpg,COL-2026-0001,2026-04-15 17:50:00,USR-2026-0078,5.30E+11
AR-2026-00304,BIL-2026-00516,Z-3,200,MONTHLY_DUES,,180,20,CASH,VERIFIED,,COL-2026-0001,2026-05-15 16:25:00,USR-2026-0078,7.62E+11
AR-2026-00305,BIL-2026-00519,Z-3,200,MONTHLY_DUES,,180,20,DIGITAL,VERIFIED,proofs/TRX-00305.jpg,COL-2026-0001,2026-01-13 08:00:00,USR-2026-0079,9.82E+11
AR-2026-00306,BIL-2026-00520,Z-3,200,MONTHLY_DUES,,180,20,CASH,VERIFIED,,COL-2026-0001,2026-02-16 10:45:00,USR-2026-0079,4.57E+11
AR-2026-00307,BIL-2026-00521,Z-3,200,MONTHLY_DUES,,180,20,CASH,VERIFIED,,COL-2026-0001,2026-03-30 10:30:00,USR-2026-0079,7.50E+11
AR-2026-00308,BIL-2026-00522,Z-3,200,MONTHLY_DUES,,180,20,DIGITAL,VERIFIED,proofs/TRX-00308.jpg,COL-2026-0001,2026-04-16 17:20:00,USR-2026-0079,5.04E+11
AR-2026-00309,BIL-2026-00523,Z-3,200,MONTHLY_DUES,,180,20,DIGITAL,VERIFIED,proofs/TRX-00309.jpg,COL-2026-0001,2026-05-13 14:45:00,USR-2026-0079,8.98E+11
AR-2026-00310,BIL-2026-00524,Z-3,200,MONTHLY_DUES,,180,20,DIGITAL,VERIFIED,proofs/TRX-00310.jpg,COL-2026-0001,2026-06-30 08:45:00,USR-2026-0079,8.21E+11
AR-2026-00311,BIL-2026-00525,Z-3,200,MONTHLY_DUES,,180,20,DIGITAL,VERIFIED,proofs/TRX-00311.jpg,COL-2026-0001,2026-07-29 08:45:00,USR-2026-0079,7.94E+11
AR-2026-00312,BIL-2026-00533,Z-3,200,MONTHLY_DUES,,180,20,DIGITAL,VERIFIED,proofs/TRX-00312.jpg,COL-2026-0001,2026-01-31 10:50:00,USR-2026-0081,2.23E+11
AR-2026-00313,BIL-2026-00534,Z-3,200,MONTHLY_DUES,,180,20,DIGITAL,VERIFIED,proofs/TRX-00313.jpg,COL-2026-0001,2026-02-16 13:30:00,USR-2026-0081,3.26E+11
AR-2026-00314,BIL-2026-00535,Z-3,200,MONTHLY_DUES,,180,20,DIGITAL,VERIFIED,proofs/TRX-00314.jpg,COL-2026-0001,2026-03-16 08:55:00,USR-2026-0081,7.15E+11
AR-2026-00315,BIL-2026-00536,Z-3,200,MONTHLY_DUES,,180,20,DIGITAL,VERIFIED,proofs/TRX-00315.jpg,COL-2026-0001,2026-04-16 16:30:00,USR-2026-0081,6.03E+11
AR-2026-00316,BIL-2026-00537,Z-3,200,MONTHLY_DUES,,180,20,DIGITAL,VERIFIED,proofs/TRX-00316.jpg,COL-2026-0001,2026-05-30 16:25:00,USR-2026-0081,8.94E+11
AR-2026-00317,BIL-2026-00538,Z-3,200,MONTHLY_DUES,,180,20,DIGITAL,VERIFIED,proofs/TRX-00317.jpg,COL-2026-0001,2026-06-30 12:45:00,USR-2026-0081,3.75E+11
AR-2026-00318,BIL-2026-00539,Z-3,200,MONTHLY_DUES,,180,20,CASH,VERIFIED,,COL-2026-0001,2026-07-15 11:20:00,USR-2026-0081,3.31E+11
AR-2026-00319,BIL-2026-00540,Z-3,200,MONTHLY_DUES,,180,20,DIGITAL,VERIFIED,proofs/TRX-00319.jpg,COL-2026-0001,2026-01-31 13:35:00,USR-2026-0083,8.94E+11
AR-2026-00320,BIL-2026-00541,Z-3,200,MONTHLY_DUES,,180,20,DIGITAL,VERIFIED,proofs/TRX-00320.jpg,COL-2026-0001,2026-02-13 17:50:00,USR-2026-0083,9.99E+11
AR-2026-00321,BIL-2026-00542,Z-3,200,MONTHLY_DUES,,180,20,DIGITAL,VERIFIED,proofs/TRX-00321.jpg,COL-2026-0001,2026-03-14 12:00:00,USR-2026-0083,1.89E+11
AR-2026-00322,BIL-2026-00543,Z-3,200,MONTHLY_DUES,,180,20,DIGITAL,VERIFIED,proofs/TRX-00322.jpg,COL-2026-0001,2026-04-16 12:55:00,USR-2026-0083,3.99E+11
AR-2026-00323,BIL-2026-00544,Z-3,200,MONTHLY_DUES,,180,20,DIGITAL,VERIFIED,proofs/TRX-00323.jpg,COL-2026-0001,2026-05-30 10:05:00,USR-2026-0083,3.65E+11
AR-2026-00324,BIL-2026-00547,Z-3,200,MONTHLY_DUES,,180,20,DIGITAL,VERIFIED,proofs/TRX-00324.jpg,COL-2026-0001,2026-01-14 11:00:00,USR-2026-0083,8.87E+11
AR-2026-00325,BIL-2026-00548,Z-3,200,MONTHLY_DUES,,180,20,CASH,VERIFIED,,COL-2026-0001,2026-02-14 08:40:00,USR-2026-0083,5.47E+11
AR-2026-00326,BIL-2026-00554,Z-3,200,MONTHLY_DUES,,180,20,DIGITAL,VERIFIED,proofs/TRX-00326.jpg,COL-2026-0001,2026-01-31 15:50:00,USR-2026-0084,4.18E+11
AR-2026-00327,BIL-2026-00555,Z-3,200,MONTHLY_DUES,,180,20,DIGITAL,VERIFIED,proofs/TRX-00327.jpg,COL-2026-0001,2026-02-13 09:50:00,USR-2026-0084,9.14E+11
AR-2026-00328,BIL-2026-00556,Z-3,200,MONTHLY_DUES,,180,20,CASH,VERIFIED,,COL-2026-0001,2026-03-28 10:30:00,USR-2026-0084,1.43E+11
AR-2026-00329,BIL-2026-00557,Z-3,200,MONTHLY_DUES,,180,20,CASH,VERIFIED,,COL-2026-0001,2026-04-29 15:10:00,USR-2026-0084,4.22E+11
AR-2026-00330,BIL-2026-00558,Z-3,200,MONTHLY_DUES,,180,20,DIGITAL,VERIFIED,proofs/TRX-00330.jpg,COL-2026-0001,2026-05-28 12:45:00,USR-2026-0084,4.11E+11
AR-2026-00331,BIL-2026-00559,Z-3,200,MONTHLY_DUES,,180,20,DIGITAL,VERIFIED,proofs/TRX-00331.jpg,COL-2026-0001,2026-06-16 10:40:00,USR-2026-0084,9.90E+11
AR-2026-00332,BIL-2026-00560,Z-3,200,MONTHLY_DUES,,180,20,DIGITAL,VERIFIED,proofs/TRX-00332.jpg,COL-2026-0001,2026-07-03 15:50:00,USR-2026-0084,1.14E+11
AR-2026-00333,BIL-2026-00561,Z-3,200,MONTHLY_DUES,,180,20,CASH,VERIFIED,,COL-2026-0001,2026-01-30 17:50:00,USR-2026-0085,7.71E+11
AR-2026-00334,BIL-2026-00562,Z-3,200,MONTHLY_DUES,,180,20,DIGITAL,VERIFIED,proofs/TRX-00334.jpg,COL-2026-0001,2026-02-28 14:40:00,USR-2026-0085,8.36E+11
AR-2026-00335,BIL-2026-00568,Z-3,200,MONTHLY_DUES,,180,20,CASH,VERIFIED,,COL-2026-0001,2026-01-03 15:25:00,USR-2026-0086,3.83E+11
AR-2026-00336,BIL-2026-00569,Z-3,200,MONTHLY_DUES,,180,20,DIGITAL,VERIFIED,proofs/TRX-00336.jpg,COL-2026-0001,2026-02-16 12:25:00,USR-2026-0086,7.30E+11
AR-2026-00337,BIL-2026-00570,Z-3,200,MONTHLY_DUES,,180,20,DIGITAL,VERIFIED,proofs/TRX-00337.jpg,COL-2026-0001,2026-03-06 11:00:00,USR-2026-0086,4.37E+11
AR-2026-00338,BIL-2026-00571,Z-3,200,MONTHLY_DUES,,180,20,CASH,VERIFIED,,COL-2026-0001,2026-04-15 09:50:00,USR-2026-0086,5.05E+11
AR-2026-00339,BIL-2026-00572,Z-3,200,MONTHLY_DUES,,180,20,DIGITAL,VERIFIED,proofs/TRX-00339.jpg,COL-2026-0001,2026-05-29 10:35:00,USR-2026-0086,5.11E+11
AR-2026-00340,BIL-2026-00573,Z-3,200,MONTHLY_DUES,,180,20,CASH,VERIFIED,,COL-2026-0001,2026-06-16 16:50:00,USR-2026-0086,3.74E+11
AR-2026-00341,BIL-2026-00574,Z-3,200,MONTHLY_DUES,,180,20,DIGITAL,VERIFIED,proofs/TRX-00341.jpg,COL-2026-0001,2026-07-28 16:35:00,USR-2026-0086,1.83E+11
AR-2026-00342,BIL-2026-00575,Z-3,200,MONTHLY_DUES,,180,20,CASH,VERIFIED,,COL-2026-0001,2026-01-28 08:40:00,USR-2026-0087,7.28E+11
AR-2026-00343,BIL-2026-00576,Z-3,200,MONTHLY_DUES,,180,20,DIGITAL,VERIFIED,proofs/TRX-00343.jpg,COL-2026-0001,2026-02-14 13:40:00,USR-2026-0087,3.26E+11
AR-2026-00344,BIL-2026-00577,Z-3,200,MONTHLY_DUES,,180,20,DIGITAL,VERIFIED,proofs/TRX-00344.jpg,COL-2026-0001,2026-03-31 09:40:00,USR-2026-0087,5.98E+11
AR-2026-00345,BIL-2026-00578,Z-3,200,MONTHLY_DUES,,180,20,DIGITAL,VERIFIED,proofs/TRX-00345.jpg,COL-2026-0001,2026-04-07 15:45:00,USR-2026-0087,8.41E+11
AR-2026-00346,BIL-2026-00579,Z-3,200,MONTHLY_DUES,,180,20,CASH,VERIFIED,,COL-2026-0001,2026-05-28 14:20:00,USR-2026-0087,3.39E+11
AR-2026-00347,BIL-2026-00580,Z-3,200,MONTHLY_DUES,,180,20,DIGITAL,VERIFIED,proofs/TRX-00347.jpg,COL-2026-0001,2026-06-13 14:25:00,USR-2026-0087,1.77E+11
AR-2026-00348,BIL-2026-00581,Z-3,200,MONTHLY_DUES,,180,20,DIGITAL,VERIFIED,proofs/TRX-00348.jpg,COL-2026-0001,2026-07-31 08:20:00,USR-2026-0087,2.49E+11
AR-2026-00349,BIL-2026-00582,Z-3,200,MONTHLY_DUES,,180,20,DIGITAL,VERIFIED,proofs/TRX-00349.jpg,COL-2026-0001,2026-01-31 13:30:00,USR-2026-0088,5.14E+11
AR-2026-00350,BIL-2026-00583,Z-3,200,MONTHLY_DUES,,180,20,CASH,VERIFIED,,COL-2026-0001,2026-02-09 10:50:00,USR-2026-0088,2.94E+11
AR-2026-00351,BIL-2026-00584,Z-3,200,MONTHLY_DUES,,180,20,DIGITAL,VERIFIED,proofs/TRX-00351.jpg,COL-2026-0001,2026-03-31 16:10:00,USR-2026-0088,9.29E+11
AR-2026-00352,BIL-2026-00585,Z-3,200,MONTHLY_DUES,,180,20,DIGITAL,VERIFIED,proofs/TRX-00352.jpg,COL-2026-0001,2026-04-05 15:50:00,USR-2026-0088,6.86E+11
AR-2026-00353,BIL-2026-00586,Z-3,200,MONTHLY_DUES,,180,20,DIGITAL,VERIFIED,proofs/TRX-00353.jpg,COL-2026-0001,2026-05-14 11:35:00,USR-2026-0088,3.07E+11
AR-2026-00354,BIL-2026-00587,Z-3,200,MONTHLY_DUES,,180,20,CASH,VERIFIED,,COL-2026-0001,2026-06-30 09:00:00,USR-2026-0088,7.76E+11
AR-2026-00355,BIL-2026-00588,Z-3,200,MONTHLY_DUES,,180,20,DIGITAL,VERIFIED,proofs/TRX-00355.jpg,COL-2026-0001,2026-07-28 11:15:00,USR-2026-0088,1.37E+11
AR-2026-00356,BIL-2026-00589,Z-3,200,MONTHLY_DUES,,180,20,DIGITAL,VERIFIED,proofs/TRX-00356.jpg,COL-2026-0001,2026-01-13 11:55:00,USR-2026-0089,3.55E+11
AR-2026-00357,BIL-2026-00590,Z-3,200,MONTHLY_DUES,,180,20,CASH,VERIFIED,,COL-2026-0001,2026-02-13 10:40:00,USR-2026-0089,9.94E+11
AR-2026-00358,BIL-2026-00596,Z-3,200,MONTHLY_DUES,,180,20,CASH,VERIFIED,,COL-2026-0001,2026-01-30 17:45:00,USR-2026-0090,4.56E+11
AR-2026-00359,BIL-2026-00597,Z-3,200,MONTHLY_DUES,,180,20,DIGITAL,VERIFIED,proofs/TRX-00359.jpg,COL-2026-0001,2026-02-14 16:15:00,USR-2026-0090,1.66E+11
AR-2026-00360,BIL-2026-00603,Z-3,200,MONTHLY_DUES,,180,20,DIGITAL,VERIFIED,proofs/TRX-00360.jpg,COL-2026-0001,2026-01-14 14:40:00,USR-2026-0091,4.82E+11
AR-2026-00361,BIL-2026-00604,Z-3,200,MONTHLY_DUES,,180,20,DIGITAL,VERIFIED,proofs/TRX-00361.jpg,COL-2026-0001,2026-02-28 16:25:00,USR-2026-0091,2.65E+11
AR-2026-00362,BIL-2026-00605,Z-3,200,MONTHLY_DUES,,180,20,DIGITAL,VERIFIED,proofs/TRX-00362.jpg,COL-2026-0001,2026-03-14 16:35:00,USR-2026-0091,4.27E+11
AR-2026-00363,BIL-2026-00606,Z-3,200,MONTHLY_DUES,,180,20,DIGITAL,VERIFIED,proofs/TRX-00363.jpg,COL-2026-0001,2026-04-28 15:00:00,USR-2026-0091,5.59E+11
AR-2026-00364,BIL-2026-00607,Z-3,200,MONTHLY_DUES,,180,20,DIGITAL,VERIFIED,proofs/TRX-00364.jpg,COL-2026-0001,2026-05-14 14:15:00,USR-2026-0091,8.10E+11
AR-2026-00365,BIL-2026-00608,Z-3,200,MONTHLY_DUES,,180,20,DIGITAL,VERIFIED,proofs/TRX-00365.jpg,COL-2026-0001,2026-06-08 13:05:00,USR-2026-0091,3.10E+11
AR-2026-00366,BIL-2026-00609,Z-3,200,MONTHLY_DUES,,180,20,DIGITAL,VERIFIED,proofs/TRX-00366.jpg,COL-2026-0001,2026-07-07 17:45:00,USR-2026-0091,3.06E+11
AR-2026-00367,BIL-2026-00610,Z-3,200,MONTHLY_DUES,,180,20,CASH,VERIFIED,,COL-2026-0001,2026-01-29 15:15:00,USR-2026-0092,4.32E+11
AR-2026-00368,BIL-2026-00611,Z-3,200,MONTHLY_DUES,,180,20,CASH,VERIFIED,,COL-2026-0001,2026-02-28 11:15:00,USR-2026-0092,9.21E+11
AR-2026-00369,BIL-2026-00612,Z-3,200,MONTHLY_DUES,,180,20,DIGITAL,VERIFIED,proofs/TRX-00369.jpg,COL-2026-0001,2026-03-31 11:55:00,USR-2026-0092,5.35E+11
AR-2026-00370,BIL-2026-00613,Z-3,200,MONTHLY_DUES,,180,20,DIGITAL,VERIFIED,proofs/TRX-00370.jpg,COL-2026-0001,2026-04-30 13:20:00,USR-2026-0092,8.15E+11
AR-2026-00371,BIL-2026-00614,Z-3,200,MONTHLY_DUES,,180,20,CASH,VERIFIED,,COL-2026-0001,2026-05-15 13:40:00,USR-2026-0092,2.09E+11
AR-2026-00372,BIL-2026-00615,Z-3,200,MONTHLY_DUES,,180,20,CASH,VERIFIED,,COL-2026-0001,2026-06-30 15:25:00,USR-2026-0092,4.45E+11
AR-2026-00373,BIL-2026-00616,Z-3,200,MONTHLY_DUES,,180,20,DIGITAL,VERIFIED,proofs/TRX-00373.jpg,COL-2026-0001,2026-07-14 10:00:00,USR-2026-0092,7.44E+11
AR-2026-00374,BIL-2026-00617,Z-3,200,MONTHLY_DUES,,180,20,DIGITAL,VERIFIED,proofs/TRX-00374.jpg,COL-2026-0001,2026-01-16 12:10:00,USR-2026-0093,5.18E+11
AR-2026-00375,BIL-2026-00618,Z-3,200,MONTHLY_DUES,,180,20,DIGITAL,VERIFIED,proofs/TRX-00375.jpg,COL-2026-0001,2026-02-14 15:40:00,USR-2026-0093,4.72E+11
AR-2026-00376,BIL-2026-00619,Z-3,200,MONTHLY_DUES,,180,20,DIGITAL,VERIFIED,proofs/TRX-00376.jpg,COL-2026-0001,2026-03-16 15:35:00,USR-2026-0093,4.90E+11
AR-2026-00377,BIL-2026-00620,Z-3,200,MONTHLY_DUES,,180,20,CASH,VERIFIED,,COL-2026-0001,2026-04-16 10:40:00,USR-2026-0093,1.69E+11
AR-2026-00378,BIL-2026-00621,Z-3,200,MONTHLY_DUES,,180,20,DIGITAL,VERIFIED,proofs/TRX-00378.jpg,COL-2026-0001,2026-05-13 08:00:00,USR-2026-0093,7.95E+11
AR-2026-00379,BIL-2026-00622,Z-3,200,MONTHLY_DUES,,180,20,DIGITAL,VERIFIED,proofs/TRX-00379.jpg,COL-2026-0001,2026-06-14 08:15:00,USR-2026-0093,1.66E+11
AR-2026-00380,BIL-2026-00623,Z-3,200,MONTHLY_DUES,,180,20,DIGITAL,VERIFIED,proofs/TRX-00380.jpg,COL-2026-0001,2026-07-31 15:00:00,USR-2026-0093,5.53E+11
AR-2026-00381,BIL-2026-00631,Z-3,200,MONTHLY_DUES,,180,20,CASH,VERIFIED,,COL-2026-0001,2026-01-09 12:40:00,USR-2026-0095,6.50E+11
AR-2026-00382,BIL-2026-00632,Z-3,200,MONTHLY_DUES,,180,20,CASH,VERIFIED,,COL-2026-0001,2026-02-28 10:05:00,USR-2026-0095,2.65E+11
AR-2026-00383,BIL-2026-00633,Z-3,200,MONTHLY_DUES,,180,20,CASH,VERIFIED,,COL-2026-0001,2026-03-15 13:20:00,USR-2026-0095,5.08E+11
AR-2026-00384,BIL-2026-00634,Z-3,200,MONTHLY_DUES,,180,20,CASH,VERIFIED,,COL-2026-0001,2026-04-29 17:15:00,USR-2026-0095,4.27E+11
AR-2026-00385,BIL-2026-00638,Z-3,200,MONTHLY_DUES,,180,20,DIGITAL,VERIFIED,proofs/TRX-00385.jpg,COL-2026-0001,2026-01-28 08:05:00,USR-2026-0096,7.07E+11
AR-2026-00386,BIL-2026-00639,Z-3,200,MONTHLY_DUES,,180,20,DIGITAL,VERIFIED,proofs/TRX-00386.jpg,COL-2026-0001,2026-02-13 10:05:00,USR-2026-0096,8.11E+11
AR-2026-00387,BIL-2026-00640,Z-3,200,MONTHLY_DUES,,180,20,DIGITAL,VERIFIED,proofs/TRX-00387.jpg,COL-2026-0001,2026-03-28 16:00:00,USR-2026-0096,6.22E+11
AR-2026-00388,BIL-2026-00641,Z-3,200,MONTHLY_DUES,,180,20,DIGITAL,VERIFIED,proofs/TRX-00388.jpg,COL-2026-0001,2026-04-13 12:40:00,USR-2026-0096,2.93E+11
AR-2026-00389,BIL-2026-00642,Z-3,200,MONTHLY_DUES,,180,20,DIGITAL,VERIFIED,proofs/TRX-00389.jpg,COL-2026-0001,2026-05-30 08:15:00,USR-2026-0096,4.27E+11
AR-2026-00390,BIL-2026-00643,Z-3,200,MONTHLY_DUES,,180,20,DIGITAL,VERIFIED,proofs/TRX-00390.jpg,COL-2026-0001,2026-06-14 17:30:00,USR-2026-0096,4.63E+11
AR-2026-00391,BIL-2026-00644,Z-3,200,MONTHLY_DUES,,180,20,DIGITAL,VERIFIED,proofs/TRX-00391.jpg,COL-2026-0001,2026-07-14 09:40:00,USR-2026-0096,1.57E+11
AR-2026-00392,BIL-2026-00645,Z-3,200,MONTHLY_DUES,,180,20,DIGITAL,VERIFIED,proofs/TRX-00392.jpg,COL-2026-0001,2026-01-04 09:25:00,USR-2026-0097,5.36E+11
AR-2026-00393,BIL-2026-00646,Z-3,200,MONTHLY_DUES,,180,20,DIGITAL,VERIFIED,proofs/TRX-00393.jpg,COL-2026-0001,2026-02-28 08:50:00,USR-2026-0097,5.98E+11
AR-2026-00394,BIL-2026-00647,Z-3,200,MONTHLY_DUES,,180,20,DIGITAL,VERIFIED,proofs/TRX-00394.jpg,COL-2026-0001,2026-03-15 16:30:00,USR-2026-0097,7.43E+11
AR-2026-00395,BIL-2026-00648,Z-3,200,MONTHLY_DUES,,180,20,CASH,VERIFIED,,COL-2026-0001,2026-04-28 17:20:00,USR-2026-0097,1.80E+11
AR-2026-00396,BIL-2026-00649,Z-3,200,MONTHLY_DUES,,180,20,CASH,VERIFIED,,COL-2026-0001,2026-05-03 14:55:00,USR-2026-0097,9.12E+11
AR-2026-00397,BIL-2026-00650,Z-3,200,MONTHLY_DUES,,180,20,DIGITAL,VERIFIED,proofs/TRX-00397.jpg,COL-2026-0001,2026-06-15 09:05:00,USR-2026-0097,5.87E+11
AR-2026-00398,BIL-2026-00651,Z-3,200,MONTHLY_DUES,,180,20,DIGITAL,VERIFIED,proofs/TRX-00398.jpg,COL-2026-0001,2026-07-15 09:10:00,USR-2026-0097,5.91E+11
AR-2026-00399,BIL-2026-00652,Z-3,200,MONTHLY_DUES,,180,20,DIGITAL,VERIFIED,proofs/TRX-00399.jpg,COL-2026-0001,2026-01-16 09:00:00,USR-2026-0098,2.01E+11
AR-2026-00400,BIL-2026-00653,Z-3,200,MONTHLY_DUES,,180,20,DIGITAL,VERIFIED,proofs/TRX-00400.jpg,COL-2026-0001,2026-02-15 14:00:00,USR-2026-0098,9.56E+11
AR-2026-00401,BIL-2026-00654,Z-3,200,MONTHLY_DUES,,180,20,DIGITAL,VERIFIED,proofs/TRX-00401.jpg,COL-2026-0001,2026-03-09 11:45:00,USR-2026-0098,5.20E+11
AR-2026-00402,BIL-2026-00655,Z-3,200,MONTHLY_DUES,,180,20,DIGITAL,VERIFIED,proofs/TRX-00402.jpg,COL-2026-0001,2026-04-15 12:20:00,USR-2026-0098,2.81E+11
AR-2026-00403,BIL-2026-00659,Z-3,200,MONTHLY_DUES,,180,20,CASH,VERIFIED,,COL-2026-0001,2026-01-16 12:35:00,USR-2026-0099,3.76E+11
AR-2026-00404,BIL-2026-00660,Z-3,200,MONTHLY_DUES,,180,20,DIGITAL,VERIFIED,proofs/TRX-00404.jpg,COL-2026-0001,2026-02-28 17:45:00,USR-2026-0099,2.46E+11
AR-2026-00405,BIL-2026-00661,Z-3,200,MONTHLY_DUES,,180,20,DIGITAL,VERIFIED,proofs/TRX-00405.jpg,COL-2026-0001,2026-03-16 13:45:00,USR-2026-0099,4.64E+11
AR-2026-00406,BIL-2026-00662,Z-3,200,MONTHLY_DUES,,180,20,DIGITAL,VERIFIED,proofs/TRX-00406.jpg,COL-2026-0001,2026-04-16 17:10:00,USR-2026-0099,3.22E+11
AR-2026-00407,BIL-2026-00663,Z-3,200,MONTHLY_DUES,,180,20,DIGITAL,VERIFIED,proofs/TRX-00407.jpg,COL-2026-0001,2026-05-14 14:25:00,USR-2026-0099,7.99E+11
AR-2026-00408,BIL-2026-00664,Z-3,200,MONTHLY_DUES,,180,20,DIGITAL,VERIFIED,proofs/TRX-00408.jpg,COL-2026-0001,2026-06-14 13:30:00,USR-2026-0099,5.33E+11
AR-2026-00409,BIL-2026-00665,Z-3,200,MONTHLY_DUES,,180,20,DIGITAL,VERIFIED,proofs/TRX-00409.jpg,COL-2026-0001,2026-07-14 17:40:00,USR-2026-0099,7.05E+11
AR-2026-00410,BIL-2026-00666,Z-3,200,MONTHLY_DUES,,180,20,CASH,VERIFIED,,COL-2026-0001,2026-01-08 11:35:00,USR-2026-0100,8.64E+11
AR-2026-00411,BIL-2026-00667,Z-3,200,MONTHLY_DUES,,180,20,DIGITAL,VERIFIED,proofs/TRX-00411.jpg,COL-2026-0001,2026-02-07 15:10:00,USR-2026-0100,3.76E+11
AR-2026-00412,BIL-2026-00668,Z-3,200,MONTHLY_DUES,,180,20,DIGITAL,VERIFIED,proofs/TRX-00412.jpg,COL-2026-0001,2026-03-31 14:05:00,USR-2026-0100,6.27E+11
AR-2026-00413,BIL-2026-00669,Z-3,200,MONTHLY_DUES,,180,20,CASH,VERIFIED,,COL-2026-0001,2026-04-16 16:00:00,USR-2026-0100,8.70E+11
AR-2026-00414,BIL-2026-00670,Z-3,200,MONTHLY_DUES,,180,20,DIGITAL,VERIFIED,proofs/TRX-00414.jpg,COL-2026-0001,2026-05-28 09:15:00,USR-2026-0100,2.82E+11
AR-2026-00415,BIL-2026-00673,Z-3,200,MONTHLY_DUES,,180,20,DIGITAL,VERIFIED,proofs/TRX-00415.jpg,COL-2026-0001,2026-01-28 17:50:00,USR-2026-0101,4.64E+11
AR-2026-00416,BIL-2026-00674,Z-3,200,MONTHLY_DUES,,180,20,DIGITAL,VERIFIED,proofs/TRX-00416.jpg,COL-2026-0001,2026-02-28 09:00:00,USR-2026-0101,6.59E+11
AR-2026-00417,BIL-2026-00675,Z-3,200,MONTHLY_DUES,,180,20,DIGITAL,VERIFIED,proofs/TRX-00417.jpg,COL-2026-0001,2026-03-29 15:25:00,USR-2026-0101,8.46E+11
AR-2026-00418,BIL-2026-00676,Z-3,200,MONTHLY_DUES,,180,20,DIGITAL,VERIFIED,proofs/TRX-00418.jpg,COL-2026-0001,2026-04-14 13:00:00,USR-2026-0101,5.57E+11
AR-2026-00419,BIL-2026-00687,Z-3,200,MONTHLY_DUES,,180,20,DIGITAL,VERIFIED,proofs/TRX-00419.jpg,COL-2026-0001,2026-01-28 09:55:00,USR-2026-0103,4.75E+11
AR-2026-00420,BIL-2026-00688,Z-3,200,MONTHLY_DUES,,180,20,DIGITAL,VERIFIED,proofs/TRX-00420.jpg,COL-2026-0001,2026-02-14 16:35:00,USR-2026-0103,5.81E+11
AR-2026-00421,BIL-2026-00689,Z-3,200,MONTHLY_DUES,,180,20,DIGITAL,VERIFIED,proofs/TRX-00421.jpg,COL-2026-0001,2026-03-31 13:05:00,USR-2026-0103,8.81E+11
AR-2026-00422,BIL-2026-00690,Z-3,200,MONTHLY_DUES,,180,20,CASH,VERIFIED,,COL-2026-0001,2026-04-06 09:50:00,USR-2026-0103,3.69E+11
AR-2026-00423,BIL-2026-00694,Z-3,200,MONTHLY_DUES,,180,20,DIGITAL,VERIFIED,proofs/TRX-00423.jpg,COL-2026-0001,2026-01-14 13:40:00,USR-2026-0105,3.55E+11
AR-2026-00424,BIL-2026-00695,Z-3,200,MONTHLY_DUES,,180,20,DIGITAL,VERIFIED,proofs/TRX-00424.jpg,COL-2026-0001,2026-02-28 10:50:00,USR-2026-0105,1.32E+11
AR-2026-00425,BIL-2026-00701,Z-3,200,MONTHLY_DUES,,180,20,DIGITAL,VERIFIED,proofs/TRX-00425.jpg,COL-2026-0001,2026-01-29 15:45:00,USR-2026-0106,8.73E+11
AR-2026-00426,BIL-2026-00702,Z-3,200,MONTHLY_DUES,,180,20,DIGITAL,VERIFIED,proofs/TRX-00426.jpg,COL-2026-0001,2026-02-15 09:45:00,USR-2026-0106,6.92E+11
AR-2026-00427,BIL-2026-00708,Z-3,200,MONTHLY_DUES,,180,20,DIGITAL,VERIFIED,proofs/TRX-00427.jpg,COL-2026-0001,2026-01-15 11:35:00,USR-2026-0106,6.82E+11
AR-2026-00428,BIL-2026-00709,Z-3,200,MONTHLY_DUES,,180,20,DIGITAL,VERIFIED,proofs/TRX-00428.jpg,COL-2026-0001,2026-02-28 17:30:00,USR-2026-0106,2.27E+11
AR-2026-00429,BIL-2026-00710,Z-3,200,MONTHLY_DUES,,180,20,CASH,VERIFIED,,COL-2026-0001,2026-03-16 17:10:00,USR-2026-0106,9.79E+11
AR-2026-00430,BIL-2026-00711,Z-3,200,MONTHLY_DUES,,180,20,DIGITAL,VERIFIED,proofs/TRX-00430.jpg,COL-2026-0001,2026-04-13 10:25:00,USR-2026-0106,2.26E+11
AR-2026-00431,BIL-2026-00715,Z-3,200,MONTHLY_DUES,,180,20,DIGITAL,VERIFIED,proofs/TRX-00431.jpg,COL-2026-0001,2026-01-14 16:30:00,USR-2026-0107,7.32E+11
AR-2026-00432,BIL-2026-00716,Z-3,200,MONTHLY_DUES,,180,20,DIGITAL,VERIFIED,proofs/TRX-00432.jpg,COL-2026-0001,2026-02-14 15:50:00,USR-2026-0107,8.13E+11
AR-2026-00433,BIL-2026-00717,Z-3,200,MONTHLY_DUES,,180,20,DIGITAL,VERIFIED,proofs/TRX-00433.jpg,COL-2026-0001,2026-03-29 16:10:00,USR-2026-0107,3.02E+11
AR-2026-00434,BIL-2026-00718,Z-3,200,MONTHLY_DUES,,180,20,CASH,VERIFIED,,COL-2026-0001,2026-04-16 17:00:00,USR-2026-0107,1.13E+11
AR-2026-00435,BIL-2026-00719,Z-3,200,MONTHLY_DUES,,180,20,DIGITAL,VERIFIED,proofs/TRX-00435.jpg,COL-2026-0001,2026-05-14 14:40:00,USR-2026-0107,5.49E+11
AR-2026-00436,BIL-2026-00720,Z-3,200,MONTHLY_DUES,,180,20,DIGITAL,VERIFIED,proofs/TRX-00436.jpg,COL-2026-0001,2026-06-29 15:35:00,USR-2026-0107,1.32E+11
AR-2026-00437,BIL-2026-00721,Z-3,200,MONTHLY_DUES,,180,20,DIGITAL,VERIFIED,proofs/TRX-00437.jpg,COL-2026-0001,2026-07-29 12:00:00,USR-2026-0107,4.16E+11
AR-2026-00438,BIL-2026-00729,Z-3,200,MONTHLY_DUES,,180,20,CASH,VERIFIED,,COL-2026-0001,2026-01-16 17:55:00,USR-2026-0109,7.03E+11
AR-2026-00439,BIL-2026-00730,Z-3,200,MONTHLY_DUES,,180,20,CASH,VERIFIED,,COL-2026-0001,2026-02-13 12:40:00,USR-2026-0109,6.94E+11
AR-2026-00440,BIL-2026-00731,Z-3,200,MONTHLY_DUES,,180,20,DIGITAL,VERIFIED,proofs/TRX-00440.jpg,COL-2026-0001,2026-03-28 15:40:00,USR-2026-0109,2.13E+11
AR-2026-00441,BIL-2026-00732,Z-3,200,MONTHLY_DUES,,180,20,CASH,VERIFIED,,COL-2026-0001,2026-04-30 11:20:00,USR-2026-0109,5.94E+11
AR-2026-00442,BIL-2026-00733,Z-3,200,MONTHLY_DUES,,180,20,CASH,VERIFIED,,COL-2026-0001,2026-05-13 15:05:00,USR-2026-0109,3.29E+11
AR-2026-00443,BIL-2026-00734,Z-3,200,MONTHLY_DUES,,180,20,DIGITAL,VERIFIED,proofs/TRX-00443.jpg,COL-2026-0001,2026-06-30 13:55:00,USR-2026-0109,2.82E+11
AR-2026-00444,BIL-2026-00735,Z-3,200,MONTHLY_DUES,,180,20,DIGITAL,VERIFIED,proofs/TRX-00444.jpg,COL-2026-0001,2026-07-29 11:00:00,USR-2026-0109,4.07E+11
AR-2026-00445,BIL-2026-00736,Z-3,200,MONTHLY_DUES,,180,20,DIGITAL,VERIFIED,proofs/TRX-00445.jpg,COL-2026-0001,2026-01-14 13:55:00,USR-2026-0110,3.95E+11
AR-2026-00446,BIL-2026-00737,Z-3,200,MONTHLY_DUES,,180,20,CASH,VERIFIED,,COL-2026-0001,2026-02-28 10:30:00,USR-2026-0110,4.05E+11
AR-2026-00447,BIL-2026-00738,Z-3,200,MONTHLY_DUES,,180,20,DIGITAL,VERIFIED,proofs/TRX-00447.jpg,COL-2026-0001,2026-03-29 10:15:00,USR-2026-0110,9.34E+11
AR-2026-00448,BIL-2026-00739,Z-3,200,MONTHLY_DUES,,180,20,DIGITAL,VERIFIED,proofs/TRX-00448.jpg,COL-2026-0001,2026-04-29 15:10:00,USR-2026-0110,7.88E+11
AR-2026-00449,BIL-2026-00740,Z-3,200,MONTHLY_DUES,,180,20,CASH,VERIFIED,,COL-2026-0001,2026-05-16 09:50:00,USR-2026-0110,2.02E+11
AR-2026-00450,BIL-2026-00743,Z-3,200,MONTHLY_DUES,,180,20,CASH,VERIFIED,,COL-2026-0001,2026-01-15 13:35:00,USR-2026-0111,7.37E+11
AR-2026-00451,BIL-2026-00744,Z-3,200,MONTHLY_DUES,,180,20,DIGITAL,VERIFIED,proofs/TRX-00451.jpg,COL-2026-0001,2026-02-02 15:50:00,USR-2026-0111,9.72E+11
AR-2026-00452,BIL-2026-00745,Z-3,200,MONTHLY_DUES,,180,20,DIGITAL,VERIFIED,proofs/TRX-00452.jpg,COL-2026-0001,2026-03-14 14:15:00,USR-2026-0111,4.71E+11
AR-2026-00453,BIL-2026-00746,Z-3,200,MONTHLY_DUES,,180,20,CASH,VERIFIED,,COL-2026-0001,2026-04-14 17:35:00,USR-2026-0111,8.51E+11
AR-2026-00454,BIL-2026-00747,Z-3,200,MONTHLY_DUES,,180,20,CASH,VERIFIED,,COL-2026-0001,2026-05-28 09:50:00,USR-2026-0111,1.19E+11
AR-2026-00455,BIL-2026-00764,Z-3,200,MONTHLY_DUES,,180,20,DIGITAL,VERIFIED,proofs/TRX-00455.jpg,COL-2026-0001,2026-01-03 15:35:00,USR-2026-0114,5.72E+11
AR-2026-00456,BIL-2026-00765,Z-3,200,MONTHLY_DUES,,180,20,CASH,VERIFIED,,COL-2026-0001,2026-02-14 12:10:00,USR-2026-0114,4.04E+11
AR-2026-00457,BIL-2026-00766,Z-3,200,MONTHLY_DUES,,180,20,DIGITAL,VERIFIED,proofs/TRX-00457.jpg,COL-2026-0001,2026-03-06 12:05:00,USR-2026-0114,8.17E+11
AR-2026-00458,BIL-2026-00767,Z-3,200,MONTHLY_DUES,,180,20,DIGITAL,VERIFIED,proofs/TRX-00458.jpg,COL-2026-0001,2026-04-16 12:55:00,USR-2026-0114,5.69E+11
AR-2026-00459,BIL-2026-00768,Z-3,200,MONTHLY_DUES,,180,20,DIGITAL,VERIFIED,proofs/TRX-00459.jpg,COL-2026-0001,2026-05-28 08:15:00,USR-2026-0114,7.49E+11
AR-2026-00460,BIL-2026-00769,Z-3,200,MONTHLY_DUES,,180,20,DIGITAL,VERIFIED,proofs/TRX-00460.jpg,COL-2026-0001,2026-06-16 08:00:00,USR-2026-0114,2.32E+11
AR-2026-00461,BIL-2026-00770,Z-3,200,MONTHLY_DUES,,180,20,DIGITAL,VERIFIED,proofs/TRX-00461.jpg,COL-2026-0001,2026-07-31 10:35:00,USR-2026-0114,1.96E+11
AR-2026-00462,BIL-2026-00771,Z-3,200,MONTHLY_DUES,,180,20,DIGITAL,VERIFIED,proofs/TRX-00462.jpg,COL-2026-0001,2026-01-28 09:25:00,USR-2026-0115,2.52E+11
AR-2026-00463,BIL-2026-00772,Z-3,200,MONTHLY_DUES,,180,20,DIGITAL,VERIFIED,proofs/TRX-00463.jpg,COL-2026-0001,2026-02-14 10:05:00,USR-2026-0115,7.70E+11
AR-2026-00464,BIL-2026-00773,Z-3,200,MONTHLY_DUES,,180,20,DIGITAL,VERIFIED,proofs/TRX-00464.jpg,COL-2026-0001,2026-03-31 13:55:00,USR-2026-0115,2.66E+11
AR-2026-00465,BIL-2026-00774,Z-3,200,MONTHLY_DUES,,180,20,DIGITAL,VERIFIED,proofs/TRX-00465.jpg,COL-2026-0001,2026-04-30 15:15:00,USR-2026-0115,2.51E+11
AR-2026-00466,BIL-2026-00775,Z-3,200,MONTHLY_DUES,,180,20,DIGITAL,VERIFIED,proofs/TRX-00466.jpg,COL-2026-0001,2026-05-31 13:30:00,USR-2026-0115,3.71E+11
AR-2026-00467,BIL-2026-00776,Z-3,200,MONTHLY_DUES,,180,20,DIGITAL,VERIFIED,proofs/TRX-00467.jpg,COL-2026-0001,2026-06-13 11:40:00,USR-2026-0115,7.69E+11
AR-2026-00468,BIL-2026-00777,Z-3,200,MONTHLY_DUES,,180,20,DIGITAL,VERIFIED,proofs/TRX-00468.jpg,COL-2026-0001,2026-07-13 12:15:00,USR-2026-0115,3.08E+11
AR-2026-00469,BIL-2026-00785,Z-3,200,MONTHLY_DUES,,180,20,DIGITAL,VERIFIED,proofs/TRX-00469.jpg,COL-2026-0001,2026-01-30 08:15:00,USR-2026-0117,3.62E+11
AR-2026-00470,BIL-2026-00786,Z-3,200,MONTHLY_DUES,,180,20,CASH,VERIFIED,,COL-2026-0001,2026-02-13 16:00:00,USR-2026-0117,4.52E+11
AR-2026-00471,BIL-2026-00787,Z-3,200,MONTHLY_DUES,,180,20,DIGITAL,VERIFIED,proofs/TRX-00471.jpg,COL-2026-0001,2026-03-10 14:25:00,USR-2026-0117,9.38E+11
AR-2026-00472,BIL-2026-00788,Z-3,200,MONTHLY_DUES,,180,20,DIGITAL,VERIFIED,proofs/TRX-00472.jpg,COL-2026-0001,2026-04-13 08:45:00,USR-2026-0117,3.37E+11
AR-2026-00473,BIL-2026-00789,Z-3,200,MONTHLY_DUES,,180,20,DIGITAL,VERIFIED,proofs/TRX-00473.jpg,COL-2026-0001,2026-05-01 14:40:00,USR-2026-0117,6.53E+11
AR-2026-00474,BIL-2026-00790,Z-3,200,MONTHLY_DUES,,180,20,DIGITAL,VERIFIED,proofs/TRX-00474.jpg,COL-2026-0001,2026-06-29 14:05:00,USR-2026-0117,7.77E+11
AR-2026-00475,BIL-2026-00791,Z-3,200,MONTHLY_DUES,,180,20,DIGITAL,VERIFIED,proofs/TRX-00475.jpg,COL-2026-0001,2026-07-13 12:05:00,USR-2026-0117,2.71E+11
AR-2026-00476,BIL-2026-00792,Z-3,200,MONTHLY_DUES,,180,20,CASH,VERIFIED,,COL-2026-0001,2026-01-16 17:50:00,USR-2026-0118,8.50E+11
AR-2026-00477,BIL-2026-00793,Z-3,200,MONTHLY_DUES,,180,20,CASH,VERIFIED,,COL-2026-0001,2026-02-28 14:55:00,USR-2026-0118,1.61E+11
AR-2026-00478,BIL-2026-00794,Z-3,200,MONTHLY_DUES,,180,20,DIGITAL,VERIFIED,proofs/TRX-00478.jpg,COL-2026-0001,2026-03-16 09:35:00,USR-2026-0118,4.40E+11
AR-2026-00479,BIL-2026-00795,Z-3,200,MONTHLY_DUES,,180,20,DIGITAL,VERIFIED,proofs/TRX-00479.jpg,COL-2026-0001,2026-04-30 10:05:00,USR-2026-0118,8.69E+11
AR-2026-00480,BIL-2026-00796,Z-3,200,MONTHLY_DUES,,180,20,DIGITAL,VERIFIED,proofs/TRX-00480.jpg,COL-2026-0001,2026-05-08 13:40:00,USR-2026-0118,8.94E+11
AR-2026-00481,BIL-2026-00797,Z-3,200,MONTHLY_DUES,,180,20,CASH,VERIFIED,,COL-2026-0001,2026-06-15 10:55:00,USR-2026-0118,9.04E+11
AR-2026-00482,BIL-2026-00798,Z-3,200,MONTHLY_DUES,,180,20,DIGITAL,VERIFIED,proofs/TRX-00482.jpg,COL-2026-0001,2026-07-28 13:30:00,USR-2026-0118,3.88E+11
AR-2026-00483,BIL-2026-00799,Z-3,200,MONTHLY_DUES,,180,20,DIGITAL,VERIFIED,proofs/TRX-00483.jpg,COL-2026-0001,2026-01-28 15:35:00,USR-2026-0120,6.46E+11
AR-2026-00484,BIL-2026-00800,Z-3,200,MONTHLY_DUES,,180,20,DIGITAL,VERIFIED,proofs/TRX-00484.jpg,COL-2026-0001,2026-02-28 13:10:00,USR-2026-0120,8.41E+11
AR-2026-00485,BIL-2026-00813,Z-3,200,MONTHLY_DUES,,180,20,DIGITAL,VERIFIED,proofs/TRX-00485.jpg,COL-2026-0001,2026-01-29 16:00:00,USR-2026-0122,1.17E+11
AR-2026-00486,BIL-2026-00814,Z-3,200,MONTHLY_DUES,,180,20,CASH,VERIFIED,,COL-2026-0001,2026-02-16 13:30:00,USR-2026-0122,7.06E+11
AR-2026-00487,BIL-2026-00815,Z-3,200,MONTHLY_DUES,,180,20,DIGITAL,VERIFIED,proofs/TRX-00487.jpg,COL-2026-0001,2026-03-31 11:25:00,USR-2026-0122,8.94E+11
AR-2026-00488,BIL-2026-00816,Z-3,200,MONTHLY_DUES,,180,20,DIGITAL,VERIFIED,proofs/TRX-00488.jpg,COL-2026-0001,2026-04-13 17:25:00,USR-2026-0122,2.94E+11
AR-2026-00489,BIL-2026-00817,Z-3,200,MONTHLY_DUES,,180,20,CASH,VERIFIED,,COL-2026-0001,2026-05-13 14:05:00,USR-2026-0122,4.13E+11
AR-2026-00490,BIL-2026-00818,Z-3,200,MONTHLY_DUES,,180,20,DIGITAL,VERIFIED,proofs/TRX-00490.jpg,COL-2026-0001,2026-06-29 13:05:00,USR-2026-0122,5.04E+11
AR-2026-00491,BIL-2026-00819,Z-3,200,MONTHLY_DUES,,180,20,DIGITAL,VERIFIED,proofs/TRX-00491.jpg,COL-2026-0001,2026-07-15 17:15:00,USR-2026-0122,9.54E+11
AR-2026-00492,BIL-2026-00820,Z-3,200,MONTHLY_DUES,,180,20,CASH,VERIFIED,,COL-2026-0001,2026-01-14 10:00:00,USR-2026-0122,3.54E+11
AR-2026-00493,BIL-2026-00821,Z-3,200,MONTHLY_DUES,,180,20,CASH,VERIFIED,,COL-2026-0001,2026-02-13 13:00:00,USR-2026-0122,9.02E+11
AR-2026-00494,BIL-2026-00822,Z-3,200,MONTHLY_DUES,,180,20,DIGITAL,VERIFIED,proofs/TRX-00494.jpg,COL-2026-0001,2026-03-14 16:15:00,USR-2026-0122,1.69E+11
AR-2026-00495,BIL-2026-00823,Z-3,200,MONTHLY_DUES,,180,20,DIGITAL,VERIFIED,proofs/TRX-00495.jpg,COL-2026-0001,2026-04-28 12:05:00,USR-2026-0122,6.75E+11
AR-2026-00496,BIL-2026-00824,Z-3,200,MONTHLY_DUES,,180,20,DIGITAL,VERIFIED,proofs/TRX-00496.jpg,COL-2026-0001,2026-05-15 15:55:00,USR-2026-0122,6.54E+11
AR-2026-00497,BIL-2026-00825,Z-3,200,MONTHLY_DUES,,180,20,DIGITAL,VERIFIED,proofs/TRX-00497.jpg,COL-2026-0001,2026-06-07 09:45:00,USR-2026-0122,8.28E+11
AR-2026-00498,BIL-2026-00826,Z-3,200,MONTHLY_DUES,,180,20,CASH,VERIFIED,,COL-2026-0001,2026-07-29 12:20:00,USR-2026-0122,9.84E+11
AR-2026-00499,BIL-2026-00827,Z-3,200,MONTHLY_DUES,,180,20,DIGITAL,VERIFIED,proofs/TRX-00499.jpg,COL-2026-0001,2026-01-15 13:35:00,USR-2026-0123,2.47E+11
AR-2026-00500,BIL-2026-00828,Z-3,200,MONTHLY_DUES,,180,20,DIGITAL,VERIFIED,proofs/TRX-00500.jpg,COL-2026-0001,2026-02-28 10:05:00,USR-2026-0123,4.46E+11
AR-2026-00501,BIL-2026-00834,Z-3,200,MONTHLY_DUES,,180,20,DIGITAL,VERIFIED,proofs/TRX-00501.jpg,COL-2026-0001,2026-01-15 11:35:00,USR-2026-0124,1.99E+11
AR-2026-00502,BIL-2026-00835,Z-3,200,MONTHLY_DUES,,180,20,DIGITAL,VERIFIED,proofs/TRX-00502.jpg,COL-2026-0001,2026-02-15 17:00:00,USR-2026-0124,4.60E+11
AR-2026-00503,BIL-2026-00836,Z-3,200,MONTHLY_DUES,,180,20,DIGITAL,VERIFIED,proofs/TRX-00503.jpg,COL-2026-0001,2026-03-04 13:30:00,USR-2026-0124,4.29E+11
AR-2026-00504,BIL-2026-00837,Z-3,200,MONTHLY_DUES,,180,20,CASH,VERIFIED,,COL-2026-0001,2026-04-14 08:30:00,USR-2026-0124,9.23E+11
AR-2026-00505,BIL-2026-00838,Z-3,200,MONTHLY_DUES,,180,20,CASH,VERIFIED,,COL-2026-0001,2026-05-13 15:05:00,USR-2026-0124,2.34E+11
AR-2026-00506,BIL-2026-00839,Z-3,200,MONTHLY_DUES,,180,20,CASH,VERIFIED,,COL-2026-0001,2026-06-04 10:15:00,USR-2026-0124,8.53E+11
AR-2026-00507,BIL-2026-00840,Z-3,200,MONTHLY_DUES,,180,20,DIGITAL,VERIFIED,proofs/TRX-00507.jpg,COL-2026-0001,2026-07-28 17:45:00,USR-2026-0124,1.85E+11
AR-2026-00508,BIL-2026-00848,Z-3,200,MONTHLY_DUES,,180,20,DIGITAL,VERIFIED,proofs/TRX-00508.jpg,COL-2026-0001,2026-01-02 11:50:00,USR-2026-0126,1.99E+11
AR-2026-00509,BIL-2026-00849,Z-3,200,MONTHLY_DUES,,180,20,CASH,VERIFIED,,COL-2026-0001,2026-02-28 09:00:00,USR-2026-0126,2.85E+11
AR-2026-00510,BIL-2026-00850,Z-3,200,MONTHLY_DUES,,180,20,DIGITAL,VERIFIED,proofs/TRX-00510.jpg,COL-2026-0001,2026-03-31 14:35:00,USR-2026-0126,5.71E+11
AR-2026-00511,BIL-2026-00851,Z-3,200,MONTHLY_DUES,,180,20,DIGITAL,VERIFIED,proofs/TRX-00511.jpg,COL-2026-0001,2026-04-14 10:20:00,USR-2026-0126,2.67E+11
AR-2026-00512,BIL-2026-00852,Z-3,200,MONTHLY_DUES,,180,20,DIGITAL,VERIFIED,proofs/TRX-00512.jpg,COL-2026-0001,2026-05-10 17:15:00,USR-2026-0126,5.53E+11
AR-2026-00513,BIL-2026-00853,Z-3,200,MONTHLY_DUES,,180,20,DIGITAL,VERIFIED,proofs/TRX-00513.jpg,COL-2026-0001,2026-06-29 08:05:00,USR-2026-0126,5.60E+11
AR-2026-00514,BIL-2026-00854,Z-3,200,MONTHLY_DUES,,180,20,CASH,VERIFIED,,COL-2026-0001,2026-07-14 16:00:00,USR-2026-0126,8.85E+11
AR-2026-00515,BIL-2026-00855,Z-3,200,MONTHLY_DUES,,180,20,DIGITAL,VERIFIED,proofs/TRX-00515.jpg,COL-2026-0001,2026-01-16 13:45:00,USR-2026-0127,3.98E+11
AR-2026-00516,BIL-2026-00856,Z-3,200,MONTHLY_DUES,,180,20,DIGITAL,VERIFIED,proofs/TRX-00516.jpg,COL-2026-0001,2026-02-15 17:15:00,USR-2026-0127,9.58E+11
AR-2026-00517,BIL-2026-00857,Z-3,200,MONTHLY_DUES,,180,20,CASH,VERIFIED,,COL-2026-0001,2026-03-16 16:25:00,USR-2026-0127,3.58E+11
AR-2026-00518,BIL-2026-00858,Z-3,200,MONTHLY_DUES,,180,20,DIGITAL,VERIFIED,proofs/TRX-00518.jpg,COL-2026-0001,2026-04-28 11:50:00,USR-2026-0127,9.96E+11
AR-2026-00519,BIL-2026-00859,Z-3,200,MONTHLY_DUES,,180,20,CASH,VERIFIED,,COL-2026-0001,2026-05-28 11:45:00,USR-2026-0127,5.29E+11
AR-2026-00520,BIL-2026-00860,Z-3,200,MONTHLY_DUES,,180,20,DIGITAL,VERIFIED,proofs/TRX-00520.jpg,COL-2026-0001,2026-06-14 10:15:00,USR-2026-0127,9.11E+11
AR-2026-00521,BIL-2026-00861,Z-3,200,MONTHLY_DUES,,180,20,DIGITAL,VERIFIED,proofs/TRX-00521.jpg,COL-2026-0001,2026-07-28 13:45:00,USR-2026-0127,9.93E+11
AR-2026-00522,BIL-2026-00876,Z-3,200,MONTHLY_DUES,,180,20,DIGITAL,VERIFIED,proofs/TRX-00522.jpg,COL-2026-0001,2026-01-31 16:20:00,USR-2026-0130,1.99E+11
AR-2026-00523,BIL-2026-00877,Z-3,200,MONTHLY_DUES,,180,20,DIGITAL,VERIFIED,proofs/TRX-00523.jpg,COL-2026-0001,2026-02-10 11:00:00,USR-2026-0130,4.61E+11
AR-2026-00524,BIL-2026-00883,Z-3,200,MONTHLY_DUES,,180,20,DIGITAL,VERIFIED,proofs/TRX-00524.jpg,COL-2026-0001,2026-01-29 10:25:00,USR-2026-0132,9.84E+11
AR-2026-00525,BIL-2026-00884,Z-3,200,MONTHLY_DUES,,180,20,DIGITAL,VERIFIED,proofs/TRX-00525.jpg,COL-2026-0001,2026-02-28 08:00:00,USR-2026-0132,9.51E+11
AR-2026-00526,BIL-2026-00885,Z-3,200,MONTHLY_DUES,,180,20,DIGITAL,VERIFIED,proofs/TRX-00526.jpg,COL-2026-0001,2026-03-09 13:05:00,USR-2026-0132,8.30E+11
AR-2026-00527,BIL-2026-00886,Z-3,200,MONTHLY_DUES,,180,20,DIGITAL,VERIFIED,proofs/TRX-00527.jpg,COL-2026-0001,2026-04-13 13:20:00,USR-2026-0132,2.76E+11
AR-2026-00528,BIL-2026-00887,Z-3,200,MONTHLY_DUES,,180,20,DIGITAL,VERIFIED,proofs/TRX-00528.jpg,COL-2026-0001,2026-05-31 15:50:00,USR-2026-0132,8.63E+11
AR-2026-00529,BIL-2026-00888,Z-3,200,MONTHLY_DUES,,180,20,DIGITAL,VERIFIED,proofs/TRX-00529.jpg,COL-2026-0001,2026-06-30 13:15:00,USR-2026-0132,2.92E+11
AR-2026-00530,BIL-2026-00889,Z-3,200,MONTHLY_DUES,,180,20,DIGITAL,VERIFIED,proofs/TRX-00530.jpg,COL-2026-0001,2026-07-15 10:10:00,USR-2026-0132,8.73E+11
AR-2026-00531,BIL-2026-00890,Z-3,200,MONTHLY_DUES,,180,20,DIGITAL,VERIFIED,proofs/TRX-00531.jpg,COL-2026-0001,2026-01-31 17:00:00,USR-2026-0133,3.43E+11
AR-2026-00532,BIL-2026-00891,Z-3,200,MONTHLY_DUES,,180,20,DIGITAL,VERIFIED,proofs/TRX-00532.jpg,COL-2026-0001,2026-02-28 15:10:00,USR-2026-0133,3.58E+11
AR-2026-00533,BIL-2026-00892,Z-3,200,MONTHLY_DUES,,180,20,CASH,VERIFIED,,COL-2026-0001,2026-03-15 10:50:00,USR-2026-0133,8.37E+11
AR-2026-00534,BIL-2026-00893,Z-3,200,MONTHLY_DUES,,180,20,DIGITAL,VERIFIED,proofs/TRX-00534.jpg,COL-2026-0001,2026-04-29 15:00:00,USR-2026-0133,8.61E+11
AR-2026-00535,BIL-2026-00894,Z-3,200,MONTHLY_DUES,,180,20,DIGITAL,VERIFIED,proofs/TRX-00535.jpg,COL-2026-0001,2026-05-05 09:55:00,USR-2026-0133,5.83E+11
AR-2026-00536,BIL-2026-00895,Z-3,200,MONTHLY_DUES,,180,20,CASH,VERIFIED,,COL-2026-0001,2026-06-28 14:35:00,USR-2026-0133,6.99E+11
AR-2026-00537,BIL-2026-00896,Z-3,200,MONTHLY_DUES,,180,20,CASH,VERIFIED,,COL-2026-0001,2026-07-16 17:50:00,USR-2026-0133,2.77E+11
AR-2026-00538,BIL-2026-00897,Z-3,200,MONTHLY_DUES,,180,20,DIGITAL,VERIFIED,proofs/TRX-00538.jpg,COL-2026-0001,2026-01-13 12:00:00,USR-2026-0134,2.16E+11
AR-2026-00539,BIL-2026-00898,Z-3,200,MONTHLY_DUES,,180,20,DIGITAL,VERIFIED,proofs/TRX-00539.jpg,COL-2026-0001,2026-02-03 14:10:00,USR-2026-0134,4.70E+11
AR-2026-00540,BIL-2026-00899,Z-3,200,MONTHLY_DUES,,180,20,CASH,VERIFIED,,COL-2026-0001,2026-03-16 08:30:00,USR-2026-0134,7.66E+11
AR-2026-00541,BIL-2026-00900,Z-3,200,MONTHLY_DUES,,180,20,DIGITAL,VERIFIED,proofs/TRX-00541.jpg,COL-2026-0001,2026-04-28 08:05:00,USR-2026-0134,3.10E+11
AR-2026-00542,BIL-2026-00901,Z-3,200,MONTHLY_DUES,,180,20,DIGITAL,VERIFIED,proofs/TRX-00542.jpg,COL-2026-0001,2026-05-15 12:20:00,USR-2026-0134,5.30E+11
AR-2026-00543,BIL-2026-00918,Z-3,200,MONTHLY_DUES,,180,20,DIGITAL,VERIFIED,proofs/TRX-00543.jpg,COL-2026-0001,2026-01-16 10:00:00,USR-2026-0136,1.96E+11
AR-2026-00544,BIL-2026-00919,Z-3,200,MONTHLY_DUES,,180,20,DIGITAL,VERIFIED,proofs/TRX-00544.jpg,COL-2026-0001,2026-02-16 11:05:00,USR-2026-0136,8.01E+11
AR-2026-00545,BIL-2026-00920,Z-3,200,MONTHLY_DUES,,180,20,DIGITAL,VERIFIED,proofs/TRX-00545.jpg,COL-2026-0001,2026-03-13 15:05:00,USR-2026-0136,6.17E+11
AR-2026-00546,BIL-2026-00921,Z-3,200,MONTHLY_DUES,,180,20,DIGITAL,VERIFIED,proofs/TRX-00546.jpg,COL-2026-0001,2026-04-15 09:50:00,USR-2026-0136,5.05E+11
AR-2026-00547,BIL-2026-00922,Z-3,200,MONTHLY_DUES,,180,20,DIGITAL,VERIFIED,proofs/TRX-00547.jpg,COL-2026-0001,2026-05-30 10:35:00,USR-2026-0136,6.13E+11
AR-2026-00548,BIL-2026-00923,Z-3,200,MONTHLY_DUES,,180,20,DIGITAL,VERIFIED,proofs/TRX-00548.jpg,COL-2026-0001,2026-06-15 17:00:00,USR-2026-0136,8.33E+11
AR-2026-00549,BIL-2026-00924,Z-3,200,MONTHLY_DUES,,180,20,CASH,VERIFIED,,COL-2026-0001,2026-07-06 16:30:00,USR-2026-0136,3.52E+11
AR-2026-00550,BIL-2026-00925,Z-3,200,MONTHLY_DUES,,180,20,CASH,VERIFIED,,COL-2026-0001,2026-01-16 16:30:00,USR-2026-0137,6.24E+11
AR-2026-00551,BIL-2026-00926,Z-3,200,MONTHLY_DUES,,180,20,DIGITAL,VERIFIED,proofs/TRX-00551.jpg,COL-2026-0001,2026-02-14 15:20:00,USR-2026-0137,1.37E+11
AR-2026-00552,BIL-2026-00927,Z-3,200,MONTHLY_DUES,,180,20,DIGITAL,VERIFIED,proofs/TRX-00552.jpg,COL-2026-0001,2026-03-14 09:35:00,USR-2026-0137,2.85E+11
AR-2026-00553,BIL-2026-00928,Z-3,200,MONTHLY_DUES,,180,20,DIGITAL,VERIFIED,proofs/TRX-00553.jpg,COL-2026-0001,2026-04-28 10:00:00,USR-2026-0137,8.52E+11
AR-2026-00554,BIL-2026-00929,Z-3,200,MONTHLY_DUES,,180,20,DIGITAL,VERIFIED,proofs/TRX-00554.jpg,COL-2026-0001,2026-05-14 17:20:00,USR-2026-0137,1.76E+11
AR-2026-00555,BIL-2026-00930,Z-3,200,MONTHLY_DUES,,180,20,DIGITAL,VERIFIED,proofs/TRX-00555.jpg,COL-2026-0001,2026-06-09 14:40:00,USR-2026-0137,6.72E+11
AR-2026-00556,BIL-2026-00931,Z-3,200,MONTHLY_DUES,,180,20,DIGITAL,VERIFIED,proofs/TRX-00556.jpg,COL-2026-0001,2026-07-13 17:45:00,USR-2026-0137,2.22E+11
AR-2026-00557,BIL-2026-00932,Z-3,200,MONTHLY_DUES,,180,20,DIGITAL,VERIFIED,proofs/TRX-00557.jpg,COL-2026-0001,2026-01-14 17:45:00,USR-2026-0138,7.19E+11
AR-2026-00558,BIL-2026-00933,Z-3,200,MONTHLY_DUES,,180,20,CASH,VERIFIED,,COL-2026-0001,2026-02-28 16:25:00,USR-2026-0138,5.22E+11
AR-2026-00559,BIL-2026-00934,Z-3,200,MONTHLY_DUES,,180,20,DIGITAL,VERIFIED,proofs/TRX-00559.jpg,COL-2026-0001,2026-03-31 08:10:00,USR-2026-0138,7.79E+11
AR-2026-00560,BIL-2026-00935,Z-3,200,MONTHLY_DUES,,180,20,DIGITAL,VERIFIED,proofs/TRX-00560.jpg,COL-2026-0001,2026-04-30 14:00:00,USR-2026-0138,4.65E+11
AR-2026-00561,BIL-2026-00936,Z-3,200,MONTHLY_DUES,,180,20,CASH,VERIFIED,,COL-2026-0001,2026-05-28 15:20:00,USR-2026-0138,4.69E+11
AR-2026-00562,BIL-2026-00937,Z-3,200,MONTHLY_DUES,,180,20,CASH,VERIFIED,,COL-2026-0001,2026-06-29 12:20:00,USR-2026-0138,8.68E+11
AR-2026-00563,BIL-2026-00938,Z-3,200,MONTHLY_DUES,,180,20,CASH,VERIFIED,,COL-2026-0001,2026-07-29 10:20:00,USR-2026-0138,9.52E+11
AR-2026-00564,BIL-2026-00939,Z-3,200,MONTHLY_DUES,,180,20,DIGITAL,VERIFIED,proofs/TRX-00564.jpg,COL-2026-0001,2026-01-30 14:45:00,USR-2026-0139,5.86E+11
AR-2026-00565,BIL-2026-00940,Z-3,200,MONTHLY_DUES,,180,20,CASH,VERIFIED,,COL-2026-0001,2026-02-16 15:40:00,USR-2026-0139,1.64E+11
AR-2026-00566,BIL-2026-00941,Z-3,200,MONTHLY_DUES,,180,20,DIGITAL,VERIFIED,proofs/TRX-00566.jpg,COL-2026-0001,2026-03-14 09:20:00,USR-2026-0139,2.48E+11
AR-2026-00567,BIL-2026-00942,Z-3,200,MONTHLY_DUES,,180,20,DIGITAL,VERIFIED,proofs/TRX-00567.jpg,COL-2026-0001,2026-04-30 17:00:00,USR-2026-0139,3.71E+11
AR-2026-00568,BIL-2026-00943,Z-3,200,MONTHLY_DUES,,180,20,DIGITAL,VERIFIED,proofs/TRX-00568.jpg,COL-2026-0001,2026-05-01 13:55:00,USR-2026-0139,6.56E+11
AR-2026-00569,BIL-2026-00944,Z-3,200,MONTHLY_DUES,,180,20,DIGITAL,VERIFIED,proofs/TRX-00569.jpg,COL-2026-0001,2026-06-13 08:15:00,USR-2026-0139,5.92E+11
AR-2026-00570,BIL-2026-00945,Z-3,200,MONTHLY_DUES,,180,20,DIGITAL,VERIFIED,proofs/TRX-00570.jpg,COL-2026-0001,2026-07-16 17:40:00,USR-2026-0139,3.87E+11
AR-2026-00571,BIL-2026-00946,Z-3,200,MONTHLY_DUES,,180,20,DIGITAL,VERIFIED,proofs/TRX-00571.jpg,COL-2026-0001,2026-01-28 12:00:00,USR-2026-0140,9.57E+11
AR-2026-00572,BIL-2026-00947,Z-3,200,MONTHLY_DUES,,180,20,DIGITAL,VERIFIED,proofs/TRX-00572.jpg,COL-2026-0001,2026-02-28 11:50:00,USR-2026-0140,5.49E+11
AR-2026-00573,BIL-2026-00948,Z-3,200,MONTHLY_DUES,,180,20,DIGITAL,VERIFIED,proofs/TRX-00573.jpg,COL-2026-0001,2026-03-13 15:10:00,USR-2026-0140,9.83E+11
AR-2026-00574,BIL-2026-00949,Z-3,200,MONTHLY_DUES,,180,20,DIGITAL,VERIFIED,proofs/TRX-00574.jpg,COL-2026-0001,2026-04-05 17:20:00,USR-2026-0140,8.07E+11
AR-2026-00575,BIL-2026-00950,Z-3,200,MONTHLY_DUES,,180,20,DIGITAL,VERIFIED,proofs/TRX-00575.jpg,COL-2026-0001,2026-05-16 13:35:00,USR-2026-0140,4.33E+11
AR-2026-00576,BIL-2026-00951,Z-3,200,MONTHLY_DUES,,180,20,DIGITAL,VERIFIED,proofs/TRX-00576.jpg,COL-2026-0001,2026-06-30 14:45:00,USR-2026-0140,7.16E+11
AR-2026-00577,BIL-2026-00952,Z-3,200,MONTHLY_DUES,,180,20,DIGITAL,VERIFIED,proofs/TRX-00577.jpg,COL-2026-0001,2026-07-30 12:50:00,USR-2026-0140,4.70E+11
AR-2026-00578,BIL-2026-00953,Z-3,200,MONTHLY_DUES,,180,20,DIGITAL,VERIFIED,proofs/TRX-00578.jpg,COL-2026-0001,2026-01-30 12:20:00,USR-2026-0142,4.29E+11
AR-2026-00579,BIL-2026-00954,Z-3,200,MONTHLY_DUES,,180,20,DIGITAL,VERIFIED,proofs/TRX-00579.jpg,COL-2026-0001,2026-02-14 08:45:00,USR-2026-0142,8.49E+11
AR-2026-00580,BIL-2026-00955,Z-3,200,MONTHLY_DUES,,180,20,DIGITAL,VERIFIED,proofs/TRX-00580.jpg,COL-2026-0001,2026-03-01 15:20:00,USR-2026-0142,5.44E+11
AR-2026-00581,BIL-2026-00956,Z-3,200,MONTHLY_DUES,,180,20,CASH,VERIFIED,,COL-2026-0001,2026-04-13 17:55:00,USR-2026-0142,3.10E+11
AR-2026-00582,BIL-2026-00960,Z-3,200,MONTHLY_DUES,,180,20,CASH,VERIFIED,,COL-2026-0001,2026-01-14 16:50:00,USR-2026-0143,4.94E+11
AR-2026-00583,BIL-2026-00961,Z-3,200,MONTHLY_DUES,,180,20,DIGITAL,VERIFIED,proofs/TRX-00583.jpg,COL-2026-0001,2026-02-14 16:10:00,USR-2026-0143,2.39E+11
AR-2026-00584,BIL-2026-00962,Z-3,200,MONTHLY_DUES,,180,20,DIGITAL,VERIFIED,proofs/TRX-00584.jpg,COL-2026-0001,2026-03-29 13:50:00,USR-2026-0143,3.46E+11
AR-2026-00585,BIL-2026-00963,Z-3,200,MONTHLY_DUES,,180,20,DIGITAL,VERIFIED,proofs/TRX-00585.jpg,COL-2026-0001,2026-04-29 14:25:00,USR-2026-0143,4.25E+11
AR-2026-00586,BIL-2026-00964,Z-3,200,MONTHLY_DUES,,180,20,CASH,VERIFIED,,COL-2026-0001,2026-05-13 15:00:00,USR-2026-0143,7.38E+11
AR-2026-00587,BIL-2026-00965,Z-3,200,MONTHLY_DUES,,180,20,DIGITAL,VERIFIED,proofs/TRX-00587.jpg,COL-2026-0001,2026-06-28 15:15:00,USR-2026-0143,8.51E+11
AR-2026-00588,BIL-2026-00966,Z-3,200,MONTHLY_DUES,,180,20,CASH,VERIFIED,,COL-2026-0001,2026-07-15 14:00:00,USR-2026-0143,2.51E+11
AR-2026-00589,BIL-2026-00967,Z-3,200,MONTHLY_DUES,,180,20,CASH,VERIFIED,,COL-2026-0001,2026-01-30 14:45:00,USR-2026-0144,6.07E+11
AR-2026-00590,BIL-2026-00968,Z-3,200,MONTHLY_DUES,,180,20,DIGITAL,VERIFIED,proofs/TRX-00590.jpg,COL-2026-0001,2026-02-03 09:35:00,USR-2026-0144,2.98E+11
AR-2026-00591,BIL-2026-00969,Z-3,200,MONTHLY_DUES,,180,20,DIGITAL,VERIFIED,proofs/TRX-00591.jpg,COL-2026-0001,2026-03-13 08:35:00,USR-2026-0144,9.54E+11
AR-2026-00592,BIL-2026-00970,Z-3,200,MONTHLY_DUES,,180,20,DIGITAL,VERIFIED,proofs/TRX-00592.jpg,COL-2026-0001,2026-04-14 15:05:00,USR-2026-0144,7.98E+11
AR-2026-00593,BIL-2026-00971,Z-3,200,MONTHLY_DUES,,180,20,DIGITAL,VERIFIED,proofs/TRX-00593.jpg,COL-2026-0001,2026-05-16 15:30:00,USR-2026-0144,3.21E+11
AR-2026-00594,BIL-2026-00972,Z-3,200,MONTHLY_DUES,,180,20,DIGITAL,VERIFIED,proofs/TRX-00594.jpg,COL-2026-0001,2026-06-28 13:40:00,USR-2026-0144,1.07E+11
AR-2026-00595,BIL-2026-00973,Z-3,200,MONTHLY_DUES,,180,20,CASH,VERIFIED,,COL-2026-0001,2026-07-29 11:55:00,USR-2026-0144,2.43E+11
AR-2026-00596,BIL-2026-00981,Z-3,200,MONTHLY_DUES,,180,20,DIGITAL,VERIFIED,proofs/TRX-00596.jpg,COL-2026-0001,2026-01-09 17:20:00,USR-2026-0146,1.51E+11
AR-2026-00597,BIL-2026-00982,Z-3,200,MONTHLY_DUES,,180,20,DIGITAL,VERIFIED,proofs/TRX-00597.jpg,COL-2026-0001,2026-02-15 15:55:00,USR-2026-0146,4.72E+11
AR-2026-00598,BIL-2026-00983,Z-3,200,MONTHLY_DUES,,180,20,DIGITAL,VERIFIED,proofs/TRX-00598.jpg,COL-2026-0001,2026-03-14 13:35:00,USR-2026-0146,2.81E+11
AR-2026-00599,BIL-2026-00984,Z-3,200,MONTHLY_DUES,,180,20,DIGITAL,VERIFIED,proofs/TRX-00599.jpg,COL-2026-0001,2026-04-29 08:15:00,USR-2026-0146,2.46E+11
AR-2026-00600,BIL-2026-00988,Z-3,200,MONTHLY_DUES,,180,20,DIGITAL,VERIFIED,proofs/TRX-00600.jpg,COL-2026-0001,2026-01-13 17:40:00,USR-2026-0146,8.83E+11
AR-2026-00601,BIL-2026-00989,Z-3,200,MONTHLY_DUES,,180,20,DIGITAL,VERIFIED,proofs/TRX-00601.jpg,COL-2026-0001,2026-02-28 14:50:00,USR-2026-0146,7.85E+11
AR-2026-00602,BIL-2026-00990,Z-3,200,MONTHLY_DUES,,180,20,CASH,VERIFIED,,COL-2026-0001,2026-03-01 09:50:00,USR-2026-0146,8.56E+11
AR-2026-00603,BIL-2026-00991,Z-3,200,MONTHLY_DUES,,180,20,DIGITAL,VERIFIED,proofs/TRX-00603.jpg,COL-2026-0001,2026-04-08 14:05:00,USR-2026-0146,8.71E+11
AR-2026-00604,BIL-2026-01002,Z-3,200,MONTHLY_DUES,,180,20,DIGITAL,VERIFIED,proofs/TRX-00604.jpg,COL-2026-0001,2026-01-13 12:30:00,USR-2026-0148,6.74E+11
AR-2026-00605,BIL-2026-01003,Z-3,200,MONTHLY_DUES,,180,20,DIGITAL,VERIFIED,proofs/TRX-00605.jpg,COL-2026-0001,2026-02-14 14:05:00,USR-2026-0148,2.32E+11
AR-2026-00606,BIL-2026-01004,Z-3,200,MONTHLY_DUES,,180,20,DIGITAL,VERIFIED,proofs/TRX-00606.jpg,COL-2026-0001,2026-03-13 15:15:00,USR-2026-0148,3.91E+11
AR-2026-00607,BIL-2026-01005,Z-3,200,MONTHLY_DUES,,180,20,DIGITAL,VERIFIED,proofs/TRX-00607.jpg,COL-2026-0001,2026-04-28 13:55:00,USR-2026-0148,1.44E+11
AR-2026-00608,BIL-2026-01006,Z-3,200,MONTHLY_DUES,,180,20,DIGITAL,VERIFIED,proofs/TRX-00608.jpg,COL-2026-0001,2026-05-14 15:25:00,USR-2026-0148,8.34E+11
AR-2026-00609,BIL-2026-01007,Z-3,200,MONTHLY_DUES,,180,20,DIGITAL,VERIFIED,proofs/TRX-00609.jpg,COL-2026-0001,2026-06-02 17:50:00,USR-2026-0148,2.03E+11
AR-2026-00610,BIL-2026-01008,Z-3,200,MONTHLY_DUES,,180,20,DIGITAL,VERIFIED,proofs/TRX-00610.jpg,COL-2026-0001,2026-07-28 09:20:00,USR-2026-0148,4.26E+11
AR-2026-00611,BIL-2026-01009,Z-3,200,MONTHLY_DUES,,180,20,CASH,VERIFIED,,COL-2026-0001,2026-01-13 09:10:00,USR-2026-0149,4.21E+11
AR-2026-00612,BIL-2026-01010,Z-3,200,MONTHLY_DUES,,180,20,DIGITAL,VERIFIED,proofs/TRX-00612.jpg,COL-2026-0001,2026-02-15 14:55:00,USR-2026-0149,9.37E+11
AR-2026-00613,BIL-2026-01011,Z-3,200,MONTHLY_DUES,,180,20,DIGITAL,VERIFIED,proofs/TRX-00613.jpg,COL-2026-0001,2026-03-28 10:50:00,USR-2026-0149,4.92E+11
AR-2026-00614,BIL-2026-01023,Z-3,200,MONTHLY_DUES,,180,20,CASH,VERIFIED,,COL-2026-0001,2026-01-30 09:25:00,USR-2026-0151,2.25E+11
AR-2026-00615,BIL-2026-01024,Z-3,200,MONTHLY_DUES,,180,20,DIGITAL,VERIFIED,proofs/TRX-00615.jpg,COL-2026-0001,2026-02-16 12:30:00,USR-2026-0151,9.78E+11
AR-2026-00616,BIL-2026-01025,Z-3,200,MONTHLY_DUES,,180,20,DIGITAL,VERIFIED,proofs/TRX-00616.jpg,COL-2026-0001,2026-03-14 09:10:00,USR-2026-0151,2.12E+11
AR-2026-00617,BIL-2026-01026,Z-3,200,MONTHLY_DUES,,180,20,DIGITAL,VERIFIED,proofs/TRX-00617.jpg,COL-2026-0001,2026-04-16 17:50:00,USR-2026-0151,5.19E+11
AR-2026-00618,BIL-2026-01027,Z-3,200,MONTHLY_DUES,,180,20,CASH,VERIFIED,,COL-2026-0001,2026-05-28 10:35:00,USR-2026-0151,5.83E+11
AR-2026-00619,BIL-2026-01028,Z-3,200,MONTHLY_DUES,,180,20,DIGITAL,VERIFIED,proofs/TRX-00619.jpg,COL-2026-0001,2026-06-05 13:00:00,USR-2026-0151,6.78E+11
AR-2026-00620,BIL-2026-01029,Z-3,200,MONTHLY_DUES,,180,20,DIGITAL,VERIFIED,proofs/TRX-00620.jpg,COL-2026-0001,2026-07-29 13:40:00,USR-2026-0151,7.82E+11
